activity_id,name,cluster_id,category,subcategory,data_status,romantic_score,authentic_score,duration_min,area,payload_json
PFO-A001,Fyti Weaving Workshop with Local Weaver,C07,Authentic Cyprus,Traditional Craft Workshop,Verified,10,10,120,Fyti,"{""Activity_ID"": ""PFO-A001"", ""Activity_Name"": ""Fyti Weaving Workshop with Local Weaver"", ""Category"": ""Authentic Cyprus"", ""Subcategory"": ""Traditional Craft Workshop"", ""District"": ""Paphos"", ""Area"": ""Fyti"", ""Full_Address_or_Access_Point"": ""Museum of Fyti Weaving, Fyti Village"", ""Website"": ""https://www.visitpafos.org.cy/events/fyti-weaving-workshops-with-mrs-diamanto/var/ri-3.l-L1"", ""Phone"": ""+357 99 372 966"", ""Opening_Days"": ""Selected 2026 workshop dates"", ""Opening_Hours"": ""2026 dates include Aug 23, Sep 6 & 20, Oct 11; confirm registration time directly"", ""Typical_Duration_Min"": 120, ""Price_Range"": ""Unknown"", ""Booking_Required"": ""Yes"", ""Indoor_Outdoor_Both"": ""Indoor"", ""Summer_Suitable"": ""Yes"", ""Winter_Suitable"": ""Yes"", ""Rain_Suitable"": ""Yes"", ""Heatwave_Suitable"": ""Yes"", ""Romantic_Score_1_10"": 10, ""Authentic_Cyprus_Score_1_10"": 10, ""Couple_Style"": ""Authentic Cyprus"", ""Accessibility_or_Access_Notes"": ""Advance registration; date-specific activity"", ""Source_Primary"": ""https://www.visitpafos.org.cy/events/fyti-weaving-workshops-with-mrs-diamanto/var/ri-3.l-L1"", ""Source_Secondary"": ""https://www.visitpafos.org.cy/fyti-weaving-museum/"", ""Last_Verified"": 46259, ""Data_Status"": ""Verified"", ""Source_Sheet"": ""Experiences"", ""Source_Record_ID"": ""MASTER:PFO-A001"", ""Notes"": ""Highly differentiated hands-on experience. Treat as seasonal/event inventory, not a daily attraction."", ""Time_Parse_Confidence"": ""LOW"", ""Time_Parse_Note"": ""Operator confirmation/booking required; no safe automatic time window."", ""Time_Slot_Usable"": ""No""}"
PFO-A002,Aphrodite Delights – Loukoumi Geroskipou Visit,C02,Authentic Cyprus,Local Product / PGI Tasting,Verified,9,10,45,Geroskipou,"{""Activity_ID"": ""PFO-A002"", ""Activity_Name"": ""Aphrodite Delights – Loukoumi Geroskipou Visit"", ""Category"": ""Authentic Cyprus"", ""Subcategory"": ""Local Product / PGI Tasting"", ""District"": ""Paphos"", ""Area"": ""Geroskipou"", ""Full_Address_or_Access_Point"": ""Old Factory Shop, 57 Makarios Avenue, Geroskipou 8200"", ""Website"": ""https://www.aphroditedelights.com/"", ""Phone"": ""+357 26 962212"", ""Opening_Days"": ""Monday–Sunday"", ""Opening_Hours"": ""Mon–Sat 08:00–21:00; Sun 10:00–21:00"", ""Typical_Duration_Min"": 45, ""Price_Range"": ""€"", ""Booking_Required"": ""No"", ""Indoor_Outdoor_Both"": ""Indoor"", ""Summer_Suitable"": ""Yes"", ""Winter_Suitable"": ""Yes"", ""Rain_Suitable"": ""Yes"", ""Heatwave_Suitable"": ""Yes"", ""Sunset_Suitable"": ""No"", ""Romantic_Score_1_10"": 9, ""Authentic_Cyprus_Score_1_10"": 10, ""Couple_Style"": ""Food & Wine / Authentic Cyprus"", ""Best_Time_of_Day"": ""Afternoon"", ""Weather_Sensitivity"": ""Weather independent"", ""Accessibility_or_Access_Notes"": ""Factory visit bookable separately"", ""Source_Primary"": ""https://www.aphroditedelights.com/"", ""Source_Secondary"": ""https://www.aphroditedelights.com/book-your-visit.php"", ""Last_Verified"": 46259, ""Data_Status"": ""Verified"", ""Source_Sheet"": ""Final official-source enrichment"", ""Source_Record_ID"": ""MASTER:PFO-A002"", ""Notes"": ""PGI Loukoumi Geroskipou and other local products."", ""Parsed_Open_Time"": 0.3333333333333333, ""Parsed_Close_Time"": 0.875, ""Time_Parse_Confidence"": ""MEDIUM"", ""Time_Parse_Note"": ""Parsed explicit range from text: 08:00 to 21:00. Seasonal/multiple-session details may still require recheck."", ""Time_Slot_Usable"": ""Yes""}"
PFO-A003,Ineia Village Centre & Basket-Weaving Heritage,C04,Authentic Cyprus,Traditional Village / Craft,Verified,9,10,75,Ineia,"{""Activity_ID"": ""PFO-A003"", ""Activity_Name"": ""Ineia Village Centre & Basket-Weaving Heritage"", ""Category"": ""Authentic Cyprus"", ""Subcategory"": ""Traditional Village / Craft"", ""District"": ""Paphos"", ""Area"": ""Ineia"", ""Full_Address_or_Access_Point"": ""Ineia village centre, Paphos"", ""Website"": ""https://www.visitpafos.org.cy/?page_id=8513"", ""Opening_Days"": ""Village open; museum/craft hours vary"", ""Opening_Hours"": ""Daylight"", ""Typical_Duration_Min"": 75, ""Price_Range"": ""Free"", ""Booking_Required"": ""No"", ""Indoor_Outdoor_Both"": ""Both"", ""Summer_Suitable"": ""Yes"", ""Winter_Suitable"": ""Yes"", ""Rain_Suitable"": ""Conditional"", ""Heatwave_Suitable"": ""Conditional"", ""Sunset_Suitable"": ""Yes"", ""Romantic_Score_1_10"": 9, ""Authentic_Cyprus_Score_1_10"": 10, ""Couple_Style"": ""Authentic Cyprus"", ""Best_Time_of_Day"": ""Morning / late afternoon"", ""Accessibility_or_Access_Notes"": ""Paved square, old olive mill, views toward Akamas"", ""Source_Primary"": ""https://www.visitpafos.org.cy/?page_id=8513"", ""Source_Secondary"": ""https://www.visitpafos.org.cy/the-real-thing/?lang=el"", ""Last_Verified"": 46259, ""Data_Status"": ""Verified"", ""Source_Sheet"": ""New Research"", ""Source_Record_ID"": ""MASTER:PFO-A003"", ""Notes"": ""Strong village/craft component; pair with basket-weaving museum when open."", ""Time_Parse_Confidence"": ""LOW"", ""Time_Parse_Note"": ""No explicit clock range; daylight/open-landmark logic only."", ""Time_Slot_Usable"": ""No""}"
PFO-A004,Lemba Pottery Private Lesson,C04,Authentic Cyprus,Pottery / Ceramics Workshop,Verified,10,10,90,Lemba,"{""Activity_ID"": ""PFO-A004"", ""Activity_Name"": ""Lemba Pottery Private Lesson"", ""Category"": ""Authentic Cyprus"", ""Subcategory"": ""Pottery / Ceramics Workshop"", ""District"": ""Paphos"", ""Area"": ""Lemba"", ""Full_Address_or_Access_Point"": ""18 Eleftherias Street, Lemba 8260, Paphos"", ""Website"": ""https://www.lembapottery.com/"", ""Phone"": ""+357 26 270822 / +357 99 683605"", ""Opening_Days"": ""Monday–Friday"", ""Opening_Hours"": ""10:00–13:00; 16:00–19:00"", ""Typical_Duration_Min"": 90, ""Price_Range"": ""€€"", ""Booking_Required"": ""Yes"", ""Indoor_Outdoor_Both"": ""Indoor"", ""Summer_Suitable"": ""Yes"", ""Winter_Suitable"": ""Yes"", ""Rain_Suitable"": ""Yes"", ""Heatwave_Suitable"": ""Yes"", ""Sunset_Suitable"": ""No"", ""Romantic_Score_1_10"": 10, ""Authentic_Cyprus_Score_1_10"": 10, ""Couple_Style"": ""Creative / Authentic Cyprus"", ""Best_Time_of_Day"": ""Afternoon"", ""Weather_Sensitivity"": ""Weather independent"", ""Accessibility_or_Access_Notes"": ""Call ahead; weekends closed"", ""Source_Primary"": ""https://www.lembapottery.com/"", ""Source_Secondary"": ""https://www.visitpafos.org.cy/?page_id=8524"", ""Last_Verified"": 46259, ""Data_Status"": ""Verified"", ""Source_Sheet"": ""Final official-source enrichment"", ""Source_Record_ID"": ""MASTER:PFO-A004"", ""Notes"": ""Private wheel throwing or hand-building."", ""Parsed_Open_Time"": 0.4166666666666667, ""Parsed_Close_Time"": 0.7916666666666666, ""Time_Parse_Confidence"": ""MEDIUM"", ""Time_Parse_Note"": ""Parsed explicit range from text: 10:00 to 19:00. Seasonal/multiple-session details may still require recheck."", ""Time_Slot_Usable"": ""Yes""}"
PFO-A005,Lysos Maxiles Traditional Fig Heritage,C07,Authentic Cyprus,Local Food Heritage,Draft,8,10,45,Lysos,"{""Activity_ID"": ""PFO-A005"", ""Activity_Name"": ""Lysos Maxiles Traditional Fig Heritage"", ""Category"": ""Authentic Cyprus"", ""Subcategory"": ""Local Food Heritage"", ""District"": ""Paphos"", ""Area"": ""Lysos"", ""Full_Address_or_Access_Point"": ""Lysos village, Paphos"", ""Website"": ""https://www.visitpafos.org.cy/wp-content/uploads/2018/06/Gastronomy.pdf"", ""Opening_Days"": ""Seasonal/local availability"", ""Opening_Hours"": ""Confirm local producer/café before booking"", ""Typical_Duration_Min"": 45, ""Price_Range"": ""€"", ""Booking_Required"": ""Yes"", ""Indoor_Outdoor_Both"": ""Indoor / Outdoor"", ""Summer_Suitable"": ""Yes"", ""Winter_Suitable"": ""Yes"", ""Rain_Suitable"": ""Yes"", ""Heatwave_Suitable"": ""Yes"", ""Sunset_Suitable"": ""No"", ""Romantic_Score_1_10"": 8, ""Authentic_Cyprus_Score_1_10"": 10, ""Couple_Style"": ""Food & Wine"", ""Best_Time_of_Day"": ""Daytime"", ""Accessibility_or_Access_Notes"": ""Local producer/serving point must be verified per itinerary date"", ""Source_Primary"": ""https://www.visitpafos.org.cy/wp-content/uploads/2018/06/Gastronomy.pdf"", ""Source_Secondary"": ""https://marmaras-lysos.com/el/%CF%83%CF%87%CE%B5%CF%84%CE%B9%CE%BA%CE%B1-%CE%BC%CE%B5-%CE%B5%CE%BC%CE%B1%CF%83/"", ""Last_Verified"": 46259, ""Data_Status"": ""Draft"", ""Source_Sheet"": ""New Research"", ""Source_Record_ID"": ""MASTER:PFO-A005"", ""Notes"": ""Maxiles are dried figs traditionally associated with Lysos; excellent authentic food story once a current provider is verified."", ""Time_Parse_Confidence"": ""LOW"", ""Time_Parse_Note"": ""Operator confirmation/booking required; no safe automatic time window."", ""Time_Slot_Usable"": ""No""}"
PFO-A006,"The Place – Arts, Cypriot Crafts & Traditions Creative Experience",C01,Authentic Cyprus,Creative Tourism / Crafts,Draft,9,10,90,Old Town Pafos,"{""Activity_ID"": ""PFO-A006"", ""Activity_Name"": ""The Place – Arts, Cypriot Crafts & Traditions Creative Experience"", ""Category"": ""Authentic Cyprus"", ""Subcategory"": ""Creative Tourism / Crafts"", ""District"": ""Paphos"", ""Area"": ""Old Town Pafos"", ""Full_Address_or_Access_Point"": ""Old Town Pafos"", ""Website"": ""https://www.visitpafos.org.cy/?page_id=26755"", ""Opening_Days"": ""Operating details to confirm directly"", ""Opening_Hours"": ""Operating details not published in ETAP cultural-heritage page"", ""Typical_Duration_Min"": 90, ""Price_Range"": ""Unknown"", ""Booking_Required"": ""Yes"", ""Indoor_Outdoor_Both"": ""Indoor"", ""Summer_Suitable"": ""Yes"", ""Winter_Suitable"": ""Yes"", ""Rain_Suitable"": ""Yes"", ""Heatwave_Suitable"": ""Yes"", ""Romantic_Score_1_10"": 9, ""Authentic_Cyprus_Score_1_10"": 10, ""Couple_Style"": ""Authentic Cyprus"", ""Accessibility_or_Access_Notes"": ""Exact current hours/booking require direct verification"", ""Source_Primary"": ""https://www.visitpafos.org.cy/?page_id=26755"", ""Source_Secondary"": ""https://www.visitpafos.org.cy/?page_id=8524"", ""Last_Verified"": 46259, ""Data_Status"": ""Draft"", ""Source_Sheet"": ""Experiences"", ""Source_Record_ID"": ""MASTER:PFO-A006"", ""Notes"": ""ETAP highlights it as a place to meet craftspeople and create an artwork with a trained local craftsperson; keep Draft until direct operator hours are confirmed."", ""Time_Parse_Confidence"": ""LOW"", ""Time_Parse_Note"": ""Operator confirmation/booking required; no safe automatic time window."", ""Time_Slot_Usable"": ""No""}"
PFO-A007,Panagia Embroidery / Knitting / Weaving Workshop – Iliada Christodoulou,C09,Authentic Cyprus,Traditional Craft Workshop,Verified,9,10,120,Panagia,"{""Activity_ID"": ""PFO-A007"", ""Activity_Name"": ""Panagia Embroidery / Knitting / Weaving Workshop – Iliada Christodoulou"", ""Category"": ""Authentic Cyprus"", ""Subcategory"": ""Traditional Craft Workshop"", ""District"": ""Paphos"", ""Area"": ""Panagia"", ""Full_Address_or_Access_Point"": ""23 Independence Street, Panagia"", ""Website"": ""https://www.visitpafos.org.cy/events/panayia-workshops-from-21-06-04-10/?lang=de&var=ri-9.l-L1"", ""Phone"": ""+357 97 644 656"", ""Opening_Days"": ""Selected dates Jun–Aug 2026"", ""Opening_Hours"": ""Published remaining date after 25 Aug: Aug 30 15:00–17:00"", ""Typical_Duration_Min"": 120, ""Price_Range"": ""Unknown"", ""Booking_Required"": ""Yes"", ""Indoor_Outdoor_Both"": ""Indoor"", ""Summer_Suitable"": ""Yes"", ""Winter_Suitable"": ""Yes"", ""Rain_Suitable"": ""Yes"", ""Heatwave_Suitable"": ""Yes"", ""Romantic_Score_1_10"": 9, ""Authentic_Cyprus_Score_1_10"": 10, ""Couple_Style"": ""Authentic Cyprus"", ""Accessibility_or_Access_Notes"": ""Date-specific"", ""Source_Primary"": ""https://www.visitpafos.org.cy/events/panayia-workshops-from-21-06-04-10/?lang=de&var=ri-9.l-L1"", ""Last_Verified"": 46259, ""Data_Status"": ""Verified"", ""Source_Sheet"": ""Experiences"", ""Source_Record_ID"": ""MASTER:PFO-A007"", ""Notes"": ""Hands-on craft option; maintain as seasonal event inventory."", ""Parsed_Open_Time"": 0.625, ""Parsed_Close_Time"": 0.7083333333333334, ""Time_Parse_Confidence"": ""MEDIUM"", ""Time_Parse_Note"": ""Parsed explicit range from text: 15:00 to 17:00. Seasonal/multiple-session details may still require recheck."", ""Time_Slot_Usable"": ""Yes""}"
PFO-A008,Panagia Embroidery / Knitting / Weaving Workshop – Maria Nikolaou,C09,Authentic Cyprus,Traditional Craft Workshop,Verified,9,10,120,Panagia,"{""Activity_ID"": ""PFO-A008"", ""Activity_Name"": ""Panagia Embroidery / Knitting / Weaving Workshop – Maria Nikolaou"", ""Category"": ""Authentic Cyprus"", ""Subcategory"": ""Traditional Craft Workshop"", ""District"": ""Paphos"", ""Area"": ""Panagia"", ""Full_Address_or_Access_Point"": ""6 Dikaiosynis Street, Panagia"", ""Website"": ""https://www.visitpafos.org.cy/events/panayia-workshops-from-21-06-04-10/?lang=de&var=ri-9.l-L1"", ""Phone"": ""+357 99 121 826"", ""Opening_Days"": ""Selected dates Jun–Oct 2026"", ""Opening_Hours"": ""Upcoming published dates after 25 Aug: Aug 30 12:00–14:00; Sep 6/20/27 & Oct 4 13:00–15:00"", ""Typical_Duration_Min"": 120, ""Price_Range"": ""Unknown"", ""Booking_Required"": ""Yes"", ""Indoor_Outdoor_Both"": ""Indoor"", ""Summer_Suitable"": ""Yes"", ""Winter_Suitable"": ""Yes"", ""Rain_Suitable"": ""Yes"", ""Heatwave_Suitable"": ""Yes"", ""Romantic_Score_1_10"": 9, ""Authentic_Cyprus_Score_1_10"": 10, ""Couple_Style"": ""Authentic Cyprus"", ""Accessibility_or_Access_Notes"": ""Date-specific"", ""Source_Primary"": ""https://www.visitpafos.org.cy/events/panayia-workshops-from-21-06-04-10/?lang=de&var=ri-9.l-L1"", ""Last_Verified"": 46259, ""Data_Status"": ""Verified"", ""Source_Sheet"": ""Experiences"", ""Source_Record_ID"": ""MASTER:PFO-A008"", ""Notes"": ""Traditional craft experience with multiple remaining 2026 dates."", ""Parsed_Open_Time"": 0.5, ""Parsed_Close_Time"": 0.625, ""Time_Parse_Confidence"": ""MEDIUM"", ""Time_Parse_Note"": ""Parsed explicit range from text: 12:00 to 15:00. Seasonal/multiple-session details may still require recheck."", ""Time_Slot_Usable"": ""Yes""}"
PFO-A009,Panagia Traditional Cooking Class – Souzana Michael,C09,Authentic Cyprus,Cooking Workshop,Verified,10,10,120,Panagia,"{""Activity_ID"": ""PFO-A009"", ""Activity_Name"": ""Panagia Traditional Cooking Class – Souzana Michael"", ""Category"": ""Authentic Cyprus"", ""Subcategory"": ""Cooking Workshop"", ""District"": ""Paphos"", ""Area"": ""Panagia"", ""Full_Address_or_Access_Point"": ""12 Georgiou Michail Street, Panagia"", ""Website"": ""https://www.visitpafos.org.cy/events/panayia-workshops-from-21-06-04-10/?lang=de&var=ri-9.l-L1"", ""Phone"": ""+357 99 193 581"", ""Opening_Days"": ""Selected dates Jun–Oct 2026"", ""Opening_Hours"": ""Upcoming published dates after 25 Aug: Aug 30 09:00–11:00; Sep 6/20/27 and Oct 4 10:00–12:00"", ""Typical_Duration_Min"": 120, ""Price_Range"": ""Unknown"", ""Booking_Required"": ""Yes"", ""Indoor_Outdoor_Both"": ""Indoor"", ""Summer_Suitable"": ""Yes"", ""Winter_Suitable"": ""Yes"", ""Rain_Suitable"": ""Yes"", ""Heatwave_Suitable"": ""Yes"", ""Romantic_Score_1_10"": 10, ""Authentic_Cyprus_Score_1_10"": 10, ""Couple_Style"": ""Food & Wine"", ""Accessibility_or_Access_Notes"": ""Date-specific; advance contact essential"", ""Source_Primary"": ""https://www.visitpafos.org.cy/events/panayia-workshops-from-21-06-04-10/?lang=de&var=ri-9.l-L1"", ""Source_Secondary"": ""https://www.visitpafos.org.cy/newsevents/?lang=de"", ""Last_Verified"": 46259, ""Data_Status"": ""Verified"", ""Source_Sheet"": ""Experiences"", ""Source_Record_ID"": ""MASTER:PFO-A009"", ""Notes"": ""Excellent authentic-gastronomy experience for couples; seasonal 2026 workshop programme."", ""Parsed_Open_Time"": 0.375, ""Parsed_Close_Time"": 0.5, ""Time_Parse_Confidence"": ""MEDIUM"", ""Time_Parse_Note"": ""Parsed explicit range from text: 09:00 to 12:00. Seasonal/multiple-session details may still require recheck."", ""Time_Slot_Usable"": ""Yes""}"
PFO-A010,Avgoustinos Pottery Workshop Visit / Clay Experience,C02,Authentic Cyprus,Pottery / Ceramics Workshop,Needs Recheck,10,10,90,Paphos / Geroskipou area,"{""Activity_ID"": ""PFO-A010"", ""Activity_Name"": ""Avgoustinos Pottery Workshop Visit / Clay Experience"", ""Category"": ""Authentic Cyprus"", ""Subcategory"": ""Pottery / Ceramics Workshop"", ""District"": ""Paphos"", ""Area"": ""Paphos / Geroskipou area"", ""Full_Address_or_Access_Point"": ""Paphos District; exact current address to confirm"", ""Website"": ""https://www.avgoustinospottery.com/"", ""Opening_Days"": ""By arrangement"", ""Opening_Hours"": ""Exact hours not published"", ""Typical_Duration_Min"": 90, ""Price_Range"": ""Unknown"", ""Booking_Required"": ""Recommended"", ""Indoor_Outdoor_Both"": ""Indoor"", ""Summer_Suitable"": ""Yes"", ""Winter_Suitable"": ""Yes"", ""Rain_Suitable"": ""Yes"", ""Heatwave_Suitable"": ""Yes"", ""Sunset_Suitable"": ""No"", ""Romantic_Score_1_10"": 10, ""Authentic_Cyprus_Score_1_10"": 10, ""Couple_Style"": ""Creative / Authentic Cyprus"", ""Best_Time_of_Day"": ""Daytime"", ""Weather_Sensitivity"": ""Weather independent"", ""Accessibility_or_Access_Notes"": ""Confirm logistics directly"", ""Source_Primary"": ""https://www.avgoustinospottery.com/"", ""Source_Secondary"": ""https://www.visitpafos.org.cy/?page_id=8524"", ""Last_Verified"": 46259, ""Data_Status"": ""Needs Recheck"", ""Source_Sheet"": ""Final official-source enrichment"", ""Source_Record_ID"": ""MASTER:PFO-A010"", ""Notes"": ""Official operator invites visitors to watch/try clay."", ""Time_Parse_Confidence"": ""LOW"", ""Time_Parse_Note"": ""Operator confirmation/booking required; no safe automatic time window."", ""Time_Slot_Usable"": ""No""}"
PFO-A011,Tzelefos Medieval Bridge,C12,Culture & Heritage,Medieval Bridge / Nature,Verified,10,10,60,Agios Nikolaos / Paphos Forest,"{""Activity_ID"": ""PFO-A011"", ""Activity_Name"": ""Tzelefos Medieval Bridge"", ""Category"": ""Culture & Heritage"", ""Subcategory"": ""Medieval Bridge / Nature"", ""District"": ""Paphos"", ""Area"": ""Agios Nikolaos / Paphos Forest"", ""Full_Address_or_Access_Point"": ""Tzelefos Bridge, Agios Nikolaos area, Paphos"", ""Website"": ""https://www.visitpafos.org.cy/highlights/"", ""Opening_Days"": ""Open landmark; check mountain-road conditions"", ""Opening_Hours"": ""Daylight"", ""Typical_Duration_Min"": 60, ""Price_Range"": ""Free"", ""Booking_Required"": ""No"", ""Indoor_Outdoor_Both"": ""Outdoor"", ""Summer_Suitable"": ""Yes"", ""Winter_Suitable"": ""Yes"", ""Rain_Suitable"": ""Conditional"", ""Heatwave_Suitable"": ""Conditional"", ""Sunset_Suitable"": ""Yes"", ""Romantic_Score_1_10"": 10, ""Authentic_Cyprus_Score_1_10"": 10, ""Couple_Style"": ""Nature"", ""Best_Time_of_Day"": ""Morning / afternoon"", ""Weather_Sensitivity"": ""Rain/road conditions"", ""Accessibility_or_Access_Notes"": ""Forest-road access"", ""Source_Primary"": ""https://www.visitpafos.org.cy/highlights/"", ""Source_Secondary"": ""https://www.visitpafos.org.cy/the-real-thing/rural-pafos/?lang=el"", ""Last_Verified"": 46259, ""Data_Status"": ""Verified"", ""Source_Sheet"": ""New Research"", ""Source_Record_ID"": ""MASTER:PFO-A011"", ""Notes"": ""Largest Venetian medieval bridge in Cyprus, highlighted by ETAP."", ""Time_Parse_Confidence"": ""LOW"", ""Time_Parse_Note"": ""No explicit clock range; daylight/open-landmark logic only."", ""Time_Slot_Usable"": ""No""}"
PFO-A012,Agia Paraskevi Byzantine Church,C02,Culture & Heritage,Byzantine Church,Verified,8,10,45,Geroskipou,"{""Activity_ID"": ""PFO-A012"", ""Activity_Name"": ""Agia Paraskevi Byzantine Church"", ""Category"": ""Culture & Heritage"", ""Subcategory"": ""Byzantine Church"", ""District"": ""Paphos"", ""Area"": ""Geroskipou"", ""Full_Address_or_Access_Point"": ""Geroskipou village, Paphos"", ""Latitude"": 34.759486, ""Longitude"": 32.452944, ""Website"": ""https://www.visitcyprus.com/discover-cyprus/rural/sites-monuments/agia-paraskevi-byzantine-church-geroskipou-village-2/"", ""Phone"": ""+357 26 821000"", ""Opening_Days"": ""Monday–Saturday; Sunday by request"", ""Opening_Hours"": ""08:30–13:00 / 14:00–16:30"", ""Typical_Duration_Min"": 45, ""Price_Range"": ""Free"", ""Booking_Required"": ""No"", ""Indoor_Outdoor_Both"": ""Indoor / Heritage"", ""Summer_Suitable"": ""Yes"", ""Winter_Suitable"": ""Yes"", ""Rain_Suitable"": ""Yes"", ""Heatwave_Suitable"": ""Yes"", ""Sunset_Suitable"": ""No"", ""Romantic_Score_1_10"": 8, ""Authentic_Cyprus_Score_1_10"": 10, ""Couple_Style"": ""Culture / Authentic Cyprus"", ""Best_Time_of_Day"": ""Daytime"", ""Weather_Sensitivity"": ""Low"", ""Accessibility_or_Access_Notes"": ""Active church"", ""Source_Primary"": ""https://www.visitcyprus.com/discover-cyprus/rural/sites-monuments/agia-paraskevi-byzantine-church-geroskipou-village-2/"", ""Source_Secondary"": ""https://www.mcw.gov.cy/da"", ""Last_Verified"": 46259, ""Data_Status"": ""Verified"", ""Source_Sheet"": ""Final official-source enrichment"", ""Source_Record_ID"": ""MASTER:PFO-A012"", ""Notes"": ""Rare five-domed Byzantine church."", ""Parsed_Open_Time"": 0.3541666666666667, ""Parsed_Close_Time"": 0.6875, ""Time_Parse_Confidence"": ""MEDIUM"", ""Time_Parse_Note"": ""Parsed explicit range from text: 08:30 to 16:30. Seasonal/multiple-session details may still require recheck."", ""Time_Slot_Usable"": ""Yes""}"
PFO-A013,Archaeological Park of Kato Pafos,C01,Culture & Heritage,Archaeology / UNESCO,Verified,8,10,120,Kato Paphos,"{""Activity_ID"": ""PFO-A013"", ""Activity_Name"": ""Archaeological Park of Kato Pafos"", ""Category"": ""Culture & Heritage"", ""Subcategory"": ""Archaeology / UNESCO"", ""District"": ""Paphos"", ""Area"": ""Kato Paphos"", ""Full_Address_or_Access_Point"": ""Kato Pafos"", ""Website"": ""https://www.visitcyprus.com/discover-cyprus/culture/sites-and-monuments/archaeological-park-of-kato-pafos-paphos/"", ""Phone"": ""+357 26 306 217"", ""Opening_Days"": ""Daily; closed Christmas Day, New Year's Day, Orthodox Easter Sunday"", ""Opening_Hours"": ""16 Apr–15 Sep: 08:30–19:30; 16 Sep–15 Apr: 08:30–17:00"", ""Typical_Duration_Min"": 120, ""Price_Range"": ""€"", ""Booking_Required"": ""No"", ""Indoor_Outdoor_Both"": ""Outdoor"", ""Summer_Suitable"": ""Yes"", ""Winter_Suitable"": ""Yes"", ""Rain_Suitable"": ""No"", ""Heatwave_Suitable"": ""No"", ""Romantic_Score_1_10"": 8, ""Authentic_Cyprus_Score_1_10"": 10, ""Couple_Style"": ""Culture"", ""Accessibility_or_Access_Notes"": ""Partially wheelchair accessible"", ""Source_Primary"": ""https://www.visitcyprus.com/discover-cyprus/culture/sites-and-monuments/archaeological-park-of-kato-pafos-paphos/"", ""Source_Secondary"": ""https://www.mcw.gov.cy/da"", ""Last_Verified"": ""2026-08-25"", ""Data_Status"": ""Verified"", ""Source_Sheet"": ""Experiences"", ""Source_Record_ID"": ""MASTER:PFO-A013"", ""Notes"": ""UNESCO site. Best scheduled morning or late afternoon in hot weather."", ""Parsed_Open_Time"": 0.3541666666666667, ""Parsed_Close_Time"": 0.8125, ""Time_Parse_Confidence"": ""MEDIUM"", ""Time_Parse_Note"": ""Parsed explicit range from text: 08:30 to 19:30. Seasonal/multiple-session details may still require recheck."", ""Time_Slot_Usable"": ""Yes""}"
PFO-A014,Early Christian Basilica – St Paul's Pillar – Chrysopolitissa / Agia Kyriaki,C01,Culture & Heritage,Religious / Early Christian Site,Verified,9,10,45,Kato Paphos,"{""Activity_ID"": ""PFO-A014"", ""Activity_Name"": ""Early Christian Basilica – St Paul's Pillar – Chrysopolitissa / Agia Kyriaki"", ""Category"": ""Culture & Heritage"", ""Subcategory"": ""Religious / Early Christian Site"", ""District"": ""Paphos"", ""Area"": ""Kato Paphos"", ""Full_Address_or_Access_Point"": ""Kato Pafos"", ""Latitude"": 34.757805, ""Longitude"": 32.414246, ""Website"": ""https://www.visitcyprus.com/discover-cyprus/culture/sites-and-monuments/early-christian-basilica-st-paul-s-pillar-chrysopolitissa-agia-kyriaki-church/"", ""Opening_Days"": ""Subject to active church/site conditions"", ""Opening_Hours"": ""Daylight; service times vary"", ""Typical_Duration_Min"": 45, ""Price_Range"": ""Free"", ""Booking_Required"": ""No"", ""Indoor_Outdoor_Both"": ""Both"", ""Summer_Suitable"": ""Yes"", ""Winter_Suitable"": ""Yes"", ""Rain_Suitable"": ""Conditional"", ""Heatwave_Suitable"": ""Conditional"", ""Sunset_Suitable"": ""No"", ""Romantic_Score_1_10"": 9, ""Authentic_Cyprus_Score_1_10"": 10, ""Couple_Style"": ""Culture / Heritage"", ""Best_Time_of_Day"": ""Morning / late afternoon"", ""Weather_Sensitivity"": ""Low"", ""Accessibility_or_Access_Notes"": ""Respect worship/services"", ""Source_Primary"": ""https://www.visitcyprus.com/discover-cyprus/culture/sites-and-monuments/early-christian-basilica-st-paul-s-pillar-chrysopolitissa-agia-kyriaki-church/"", ""Last_Verified"": 46259, ""Data_Status"": ""Verified"", ""Source_Sheet"": ""Final official-source enrichment"", ""Source_Record_ID"": ""MASTER:PFO-A014"", ""Notes"": ""Major Christian heritage site."", ""Time_Parse_Confidence"": ""LOW"", ""Time_Parse_Note"": ""No explicit clock range; daylight/open-landmark logic only."", ""Time_Slot_Usable"": ""No""}"
PFO-A015,Pafos Medieval Castle,C01,Culture & Heritage,Medieval Castle,Verified,10,10,45,Kato Paphos,"{""Activity_ID"": ""PFO-A015"", ""Activity_Name"": ""Pafos Medieval Castle"", ""Category"": ""Culture & Heritage"", ""Subcategory"": ""Medieval Castle"", ""District"": ""Paphos"", ""Area"": ""Kato Paphos"", ""Full_Address_or_Access_Point"": ""Harbour Area, Kato Pafos"", ""Latitude"": 34.753619, ""Longitude"": 32.406937, ""Website"": ""https://www.visitcyprus.com/discover-cyprus/culture/sites-and-monuments/pafos-paphos-castle/"", ""Phone"": ""+357 26 306217"", ""Opening_Days"": ""Daily; closed Public Holidays"", ""Opening_Hours"": ""16 Apr–15 Sep 08:30–19:30; 16 Sep–15 Apr 08:30–17:00"", ""Typical_Duration_Min"": 45, ""Price_Range"": ""€"", ""Booking_Required"": ""No"", ""Indoor_Outdoor_Both"": ""Both"", ""Summer_Suitable"": ""Yes"", ""Winter_Suitable"": ""Yes"", ""Rain_Suitable"": ""Conditional"", ""Heatwave_Suitable"": ""Conditional"", ""Sunset_Suitable"": ""Yes"", ""Romantic_Score_1_10"": 10, ""Authentic_Cyprus_Score_1_10"": 10, ""Couple_Style"": ""Culture / Romantic"", ""Best_Time_of_Day"": ""Late afternoon / sunset"", ""Weather_Sensitivity"": ""Low"", ""Accessibility_or_Access_Notes"": ""Easy harbour access"", ""Source_Primary"": ""https://www.visitcyprus.com/discover-cyprus/culture/sites-and-monuments/pafos-paphos-castle/"", ""Source_Secondary"": ""https://www.mcw.gov.cy/da"", ""Last_Verified"": 46259, ""Data_Status"": ""Verified"", ""Source_Sheet"": ""Final official-source enrichment"", ""Source_Record_ID"": ""MASTER:PFO-A015"", ""Notes"": ""Essential harbour landmark."", ""Parsed_Open_Time"": 0.3541666666666667, ""Parsed_Close_Time"": 0.8125, ""Time_Parse_Confidence"": ""MEDIUM"", ""Time_Parse_Note"": ""Parsed explicit range from text: 08:30 to 19:30. Seasonal/multiple-session details may still require recheck."", ""Time_Slot_Usable"": ""Yes""}"
PFO-A016,Saranta Kolones (Forty Columns) Castle,C01,Culture & Heritage,Byzantine / Medieval Ruins,Verified,7,10,30,Kato Paphos,"{""Activity_ID"": ""PFO-A016"", ""Activity_Name"": ""Saranta Kolones (Forty Columns) Castle"", ""Category"": ""Culture & Heritage"", ""Subcategory"": ""Byzantine / Medieval Ruins"", ""District"": ""Paphos"", ""Area"": ""Kato Paphos"", ""Full_Address_or_Access_Point"": ""Within Kato Pafos Archaeological Park"", ""Website"": ""https://www.visitcyprus.com/discover-cyprus/culture/sites-and-monuments/saranta-kolones-forty-columns-castle/"", ""Opening_Days"": ""Follows Archaeological Park access"", ""Opening_Hours"": ""Follows Archaeological Park hours"", ""Typical_Duration_Min"": 30, ""Price_Range"": ""Included / €"", ""Booking_Required"": ""No"", ""Indoor_Outdoor_Both"": ""Outdoor"", ""Summer_Suitable"": ""Yes"", ""Winter_Suitable"": ""Yes"", ""Rain_Suitable"": ""No"", ""Heatwave_Suitable"": ""No"", ""Sunset_Suitable"": ""No"", ""Romantic_Score_1_10"": 7, ""Authentic_Cyprus_Score_1_10"": 10, ""Couple_Style"": ""Culture"", ""Best_Time_of_Day"": ""Morning / late afternoon"", ""Weather_Sensitivity"": ""Heat sensitive"", ""Accessibility_or_Access_Notes"": ""Treat as sub-stop within Archaeological Park"", ""Source_Primary"": ""https://www.visitcyprus.com/discover-cyprus/culture/sites-and-monuments/saranta-kolones-forty-columns-castle/"", ""Source_Secondary"": ""https://www.visitcyprus.com/discover-cyprus/culture/sites-and-monuments/archaeological-park-of-kato-pafos-paphos/"", ""Last_Verified"": 46259, ""Data_Status"": ""Verified"", ""Source_Sheet"": ""Final official-source enrichment"", ""Source_Record_ID"": ""MASTER:PFO-A016"", ""Notes"": ""Important park sub-site."", ""Time_Parse_Confidence"": ""LOW"", ""Time_Parse_Note"": ""No parsable operating window."", ""Time_Slot_Usable"": ""No""}"
PFO-A017,Tombs of the Kings,C01,Culture & Heritage,Archaeology / UNESCO,Verified,8,10,75,Kato Paphos,"{""Activity_ID"": ""PFO-A017"", ""Activity_Name"": ""Tombs of the Kings"", ""Category"": ""Culture & Heritage"", ""Subcategory"": ""Archaeology / UNESCO"", ""District"": ""Paphos"", ""Area"": ""Kato Paphos"", ""Full_Address_or_Access_Point"": ""Kato Pafos"", ""Website"": ""https://www.visitcyprus.com/discover-cyprus/culture/sites-and-monuments/tombs-of-the-kings/"", ""Phone"": ""+357 26 306 217"", ""Opening_Days"": ""Daily; closed Christmas Day, New Year's Day, Orthodox Easter Sunday"", ""Opening_Hours"": ""16 Apr–15 Sep: 08:30–19:30; 16 Sep–15 Apr: 08:30–17:00"", ""Typical_Duration_Min"": 75, ""Price_Range"": ""€"", ""Booking_Required"": ""No"", ""Indoor_Outdoor_Both"": ""Outdoor"", ""Summer_Suitable"": ""Yes"", ""Winter_Suitable"": ""Yes"", ""Rain_Suitable"": ""No"", ""Heatwave_Suitable"": ""No"", ""Romantic_Score_1_10"": 8, ""Authentic_Cyprus_Score_1_10"": 10, ""Couple_Style"": ""Culture"", ""Accessibility_or_Access_Notes"": ""Partially wheelchair accessible; view from above only"", ""Source_Primary"": ""https://www.visitcyprus.com/discover-cyprus/culture/sites-and-monuments/tombs-of-the-kings/"", ""Source_Secondary"": ""https://www.mcw.gov.cy/da"", ""Last_Verified"": ""2026-08-25"", ""Data_Status"": ""Verified"", ""Source_Sheet"": ""Experiences"", ""Source_Record_ID"": ""MASTER:PFO-A017"", ""Notes"": ""Avoid midday during heatwaves; strong cultural/photographic value."", ""Parsed_Open_Time"": 0.3541666666666667, ""Parsed_Close_Time"": 0.8125, ""Time_Parse_Confidence"": ""MEDIUM"", ""Time_Parse_Note"": ""Parsed explicit range from text: 08:30 to 19:30. Seasonal/multiple-session details may still require recheck."", ""Time_Slot_Usable"": ""Yes""}"
PFO-A018,Chrysorrogiatissa Monastery,C09,Culture & Heritage,Monastery / Scenic Culture,Verified,8,10,60,Panagia,"{""Activity_ID"": ""PFO-A018"", ""Activity_Name"": ""Chrysorrogiatissa Monastery"", ""Category"": ""Culture & Heritage"", ""Subcategory"": ""Monastery / Scenic Culture"", ""District"": ""Paphos"", ""Area"": ""Panagia"", ""Full_Address_or_Access_Point"": ""37 km northeast of Pafos"", ""Latitude"": 34.910043, ""Longitude"": 32.618889, ""Website"": ""https://www.visitcyprus.com/discover-cyprus/culture/sites-and-monuments/chrysorrogiatissa-monastery/"", ""Phone"": ""+357 26 722 457"", ""Opening_Days"": ""Daily; treasury closed Public Holidays"", ""Opening_Hours"": ""May–Aug: 09:30–12:30 / 13:30–18:30; Sep–Apr: 10:00–12:30 / 13:30–16:00"", ""Typical_Duration_Min"": 60, ""Price_Range"": ""Free"", ""Booking_Required"": ""No"", ""Indoor_Outdoor_Both"": ""Both"", ""Summer_Suitable"": ""Yes"", ""Winter_Suitable"": ""Yes"", ""Rain_Suitable"": ""Yes"", ""Heatwave_Suitable"": ""Conditional"", ""Romantic_Score_1_10"": 8, ""Authentic_Cyprus_Score_1_10"": 10, ""Couple_Style"": ""Authentic Cyprus"", ""Accessibility_or_Access_Notes"": ""Treasury only upon request"", ""Source_Primary"": ""https://www.visitcyprus.com/discover-cyprus/culture/sites-and-monuments/chrysorrogiatissa-monastery/"", ""Source_Secondary"": ""https://www.visitcyprus.com/discover-cyprus/regions-cities/pafos-regions-cities/the-pafos-paphos-region/"", ""Last_Verified"": ""2026-08-25"", ""Data_Status"": ""Verified"", ""Source_Sheet"": ""Experiences"", ""Source_Record_ID"": ""MASTER:PFO-A018"", ""Notes"": ""Beautiful natural surroundings; pair with Panagia village/wine-country itineraries."", ""Parsed_Open_Time"": 0.3958333333333333, ""Parsed_Close_Time"": 0.7708333333333334, ""Time_Parse_Confidence"": ""MEDIUM"", ""Time_Parse_Note"": ""Parsed explicit range from text: 09:30 to 18:30. Seasonal/multiple-session details may still require recheck."", ""Time_Slot_Usable"": ""Yes""}"
PFO-A019,Pano Arodes Village Walk & Saint Kalandionas,C04,Culture & Heritage,Traditional Village / Church,Verified,9,10,60,Pano Arodes,"{""Activity_ID"": ""PFO-A019"", ""Activity_Name"": ""Pano Arodes Village Walk & Saint Kalandionas"", ""Category"": ""Culture & Heritage"", ""Subcategory"": ""Traditional Village / Church"", ""District"": ""Paphos"", ""Area"": ""Pano Arodes"", ""Full_Address_or_Access_Point"": ""Pano Arodes village, Laona plateau"", ""Website"": ""https://www.visitpafos.org.cy/points-of-interest/saint-kalandionas-pano-arodes-village/"", ""Opening_Days"": ""Village/open church access; respect worship times"", ""Opening_Hours"": ""Daylight"", ""Typical_Duration_Min"": 60, ""Price_Range"": ""Free"", ""Booking_Required"": ""No"", ""Indoor_Outdoor_Both"": ""Both"", ""Summer_Suitable"": ""Yes"", ""Winter_Suitable"": ""Yes"", ""Rain_Suitable"": ""Conditional"", ""Heatwave_Suitable"": ""Conditional"", ""Sunset_Suitable"": ""Yes"", ""Romantic_Score_1_10"": 9, ""Authentic_Cyprus_Score_1_10"": 10, ""Couple_Style"": ""Authentic Cyprus"", ""Best_Time_of_Day"": ""Morning / late afternoon"", ""Accessibility_or_Access_Notes"": ""Traditional lanes, stone homes and church; near Akamas"", ""Source_Primary"": ""https://www.visitpafos.org.cy/points-of-interest/saint-kalandionas-pano-arodes-village/"", ""Source_Secondary"": ""https://www.visitpafos.org.cy/?page_id=8513"", ""Last_Verified"": 46259, ""Data_Status"": ""Verified"", ""Source_Sheet"": ""New Research"", ""Source_Record_ID"": ""MASTER:PFO-A019"", ""Notes"": ""Romantic village stroll with folklore associated with love."", ""Time_Parse_Confidence"": ""LOW"", ""Time_Parse_Note"": ""No explicit clock range; daylight/open-landmark logic only."", ""Time_Slot_Usable"": ""No""}"
PFO-A020,Panagia Village Cultural Walk,C09,Culture & Heritage,Mountain Village / Culture,Verified,10,10,90,Pano Panagia,"{""Activity_ID"": ""PFO-A020"", ""Activity_Name"": ""Panagia Village Cultural Walk"", ""Category"": ""Culture & Heritage"", ""Subcategory"": ""Mountain Village / Culture"", ""District"": ""Paphos"", ""Area"": ""Pano Panagia"", ""Full_Address_or_Access_Point"": ""Pano Panagia village, Paphos"", ""Website"": ""https://www.visitcyprus.com/discover-cyprus/rural/villages-rural/panagia-village-2/"", ""Opening_Days"": ""Village open; individual museums/venues have separate hours"", ""Opening_Hours"": ""Daylight"", ""Typical_Duration_Min"": 90, ""Price_Range"": ""Free"", ""Booking_Required"": ""No"", ""Indoor_Outdoor_Both"": ""Both"", ""Summer_Suitable"": ""Yes"", ""Winter_Suitable"": ""Yes"", ""Rain_Suitable"": ""Conditional"", ""Heatwave_Suitable"": ""Conditional"", ""Sunset_Suitable"": ""Yes"", ""Romantic_Score_1_10"": 10, ""Authentic_Cyprus_Score_1_10"": 10, ""Couple_Style"": ""Authentic Cyprus"", ""Best_Time_of_Day"": ""Morning / late afternoon"", ""Accessibility_or_Access_Notes"": ""Altitude approx. 850m; wineries and Makarios heritage nearby"", ""Source_Primary"": ""https://www.visitcyprus.com/discover-cyprus/rural/villages-rural/panagia-village-2/"", ""Source_Secondary"": ""https://www.agrotourism.com.cy/panayia"", ""Last_Verified"": 46259, ""Data_Status"": ""Verified"", ""Source_Sheet"": ""New Research"", ""Source_Record_ID"": ""MASTER:PFO-A020"", ""Notes"": ""Core mountain-village experience with wine, history and nature."", ""Time_Parse_Confidence"": ""LOW"", ""Time_Parse_Note"": ""No explicit clock range; daylight/open-landmark logic only."", ""Time_Slot_Usable"": ""No""}"
PFO-A021,Skarfos Medieval Bridge,C07,Culture & Heritage,Medieval Bridge / Rural Landmark,Verified,8,10,45,Simou,"{""Activity_ID"": ""PFO-A021"", ""Activity_Name"": ""Skarfos Medieval Bridge"", ""Category"": ""Culture & Heritage"", ""Subcategory"": ""Medieval Bridge / Rural Landmark"", ""District"": ""Paphos"", ""Area"": ""Simou"", ""Full_Address_or_Access_Point"": ""Skarfos Bridge, Simou area, Paphos"", ""Website"": ""https://www.visitpafos.org.cy/digital-experience/?lang=ru"", ""Opening_Days"": ""Open landmark"", ""Opening_Hours"": ""Daylight"", ""Typical_Duration_Min"": 45, ""Price_Range"": ""Free"", ""Booking_Required"": ""No"", ""Indoor_Outdoor_Both"": ""Outdoor"", ""Summer_Suitable"": ""Yes"", ""Winter_Suitable"": ""Yes"", ""Rain_Suitable"": ""Conditional"", ""Heatwave_Suitable"": ""Conditional"", ""Sunset_Suitable"": ""Yes"", ""Romantic_Score_1_10"": 8, ""Authentic_Cyprus_Score_1_10"": 10, ""Couple_Style"": ""Nature"", ""Best_Time_of_Day"": ""Daytime"", ""Accessibility_or_Access_Notes"": ""Rural access; precise parking point to map before launch"", ""Source_Primary"": ""https://www.visitpafos.org.cy/digital-experience/?lang=ru"", ""Source_Secondary"": ""https://www.visitpafos.org.cy/off-the-beaten-track/nature/"", ""Last_Verified"": 46259, ""Data_Status"": ""Verified"", ""Source_Sheet"": ""New Research"", ""Source_Record_ID"": ""MASTER:PFO-A021"", ""Notes"": ""Useful Simou/Chrysochous inland stop."", ""Time_Parse_Confidence"": ""LOW"", ""Time_Parse_Note"": ""No explicit clock range; daylight/open-landmark logic only."", ""Time_Slot_Usable"": ""No""}"
PFO-A022,Panagia tou Sinti Monastery,C09,Culture & Heritage,Monastery / Remote Heritage,Verified,9,10,60,Xeros Valley,"{""Activity_ID"": ""PFO-A022"", ""Activity_Name"": ""Panagia tou Sinti Monastery"", ""Category"": ""Culture & Heritage"", ""Subcategory"": ""Monastery / Remote Heritage"", ""District"": ""Paphos"", ""Area"": ""Xeros Valley"", ""Full_Address_or_Access_Point"": ""Panagia tou Sinti Monastery, Xeros Valley, Paphos"", ""Website"": ""https://www.visitpafos.org.cy/active-pafos/climbing-and-mountaineering/"", ""Opening_Days"": ""Open heritage site; access conditions should be checked"", ""Opening_Hours"": ""Daylight"", ""Typical_Duration_Min"": 60, ""Price_Range"": ""Free"", ""Booking_Required"": ""No"", ""Indoor_Outdoor_Both"": ""Outdoor"", ""Summer_Suitable"": ""Yes"", ""Winter_Suitable"": ""Yes"", ""Rain_Suitable"": ""Conditional"", ""Heatwave_Suitable"": ""Conditional"", ""Sunset_Suitable"": ""Yes"", ""Romantic_Score_1_10"": 9, ""Authentic_Cyprus_Score_1_10"": 10, ""Couple_Style"": ""Culture"", ""Best_Time_of_Day"": ""Morning / afternoon"", ""Weather_Sensitivity"": ""Remote-road/weather conditions"", ""Accessibility_or_Access_Notes"": ""Remote valley setting; vehicle/access check required"", ""Source_Primary"": ""https://www.visitpafos.org.cy/active-pafos/climbing-and-mountaineering/"", ""Source_Secondary"": ""https://www.brief.com.cy/sites/default/files/2023-06/CYPRUS_ITINERARIES.pdf"", ""Last_Verified"": 46259, ""Data_Status"": ""Verified"", ""Source_Sheet"": ""New Research"", ""Source_Record_ID"": ""MASTER:PFO-A022"", ""Notes"": ""Europa Nostra-restored monastery in a highly atmospheric rural valley."", ""Time_Parse_Confidence"": ""LOW"", ""Time_Parse_Note"": ""No explicit clock range; daylight/open-landmark logic only."", ""Time_Slot_Usable"": ""No""}"
PFO-A023,Akamas Regional Museum & Live Craft Demonstrations | Regional Museum – Information Centre of Akamas Rural Life and Traditions,C04,Culture & Heritage | Culture & Indoor,Rural Culture / Crafts | Rural Life / Crafts Museum,Verified,9,10,75,Droushia,"{""Activity_ID"": ""PFO-A023"", ""Activity_Name"": ""Akamas Regional Museum & Live Craft Demonstrations | Regional Museum – Information Centre of Akamas Rural Life and Traditions"", ""Category"": ""Culture & Heritage | Culture & Indoor"", ""Subcategory"": ""Rural Culture / Crafts | Rural Life / Crafts Museum"", ""District"": ""Paphos"", ""Area"": ""Droushia"", ""Full_Address_or_Access_Point"": ""Droushia Village | Droushia Village, 29 km west of Pafos"", ""Website"": ""https://www.visitpafos.org.cy/?page_id=30337"", ""Phone"": ""+357 26 332 561"", ""Opening_Days"": ""Monday–Sunday"", ""Opening_Hours"": ""Sep–Jun 08:30–14:30; Jul–Aug 09:00–13:00"", ""Typical_Duration_Min"": 75, ""Price_Range"": ""Free"", ""Booking_Required"": ""No"", ""Indoor_Outdoor_Both"": ""Indoor"", ""Summer_Suitable"": ""Yes"", ""Winter_Suitable"": ""Yes"", ""Rain_Suitable"": ""Yes"", ""Heatwave_Suitable"": ""Yes"", ""Romantic_Score_1_10"": 9, ""Authentic_Cyprus_Score_1_10"": 10, ""Couple_Style"": ""Authentic Cyprus"", ""Accessibility_or_Access_Notes"": ""Live demonstrations may vary by day"", ""Source_Primary"": ""https://www.visitpafos.org.cy/?page_id=30337"", ""Source_Secondary"": ""https://www.visitpafos.org.cy/the-real-thing/?lang=el"", ""Last_Verified"": 46259, ""Data_Status"": ""Verified"", ""Source_Sheet"": ""Experiences | Indoor"", ""Source_Record_ID"": ""MASTER:PFO-A023"", ""Notes"": ""Excellent Droushia/Akamas countryside experience; artisans may demonstrate weaving, embroidery, gourds and flute making. | Live artisan demonstrations may include weaving, silk-cocoon embroidery, gourd painting and flute making; free guided tour usually provided."", ""Parsed_Open_Time"": 0.3541666666666667, ""Parsed_Close_Time"": 0.6041666666666666, ""Time_Parse_Confidence"": ""MEDIUM"", ""Time_Parse_Note"": ""Parsed explicit range from text: 08:30 to 14:30. Seasonal/multiple-session details may still require recheck."", ""Time_Slot_Usable"": ""Yes""}"
PFO-A024,Sea and Culture Museum Interactive Visit | Sea and Culture Museum,C05,Culture & Heritage | Culture & Indoor,Interactive Maritime Museum | Maritime / Interactive Museum,Verified,8,9,75,Polis Chrysochous,"{""Activity_ID"": ""PFO-A024"", ""Activity_Name"": ""Sea and Culture Museum Interactive Visit | Sea and Culture Museum"", ""Category"": ""Culture & Heritage | Culture & Indoor"", ""Subcategory"": ""Interactive Maritime Museum | Maritime / Interactive Museum"", ""District"": ""Paphos"", ""Area"": ""Polis Chrysochous"", ""Full_Address_or_Access_Point"": ""Polis Chrysochous, Paphos"", ""Website"": ""https://www.visitpafos.org.cy/a-proud-heritage/museums/"", ""Phone"": ""+357 26 270 370"", ""Opening_Days"": ""Season-dependent"", ""Opening_Hours"": ""Nov–Mar Mon–Fri 09:00–16:00, Sat 09:00–14:00; Apr–Oct Tue–Fri 10:00–17:00, Sat–Sun 10:00–16:00 | Nov–Mar Mon–Fri 09:00–16:00, Sat 09:00–14:00, Sun closed; Apr–Oct Mon closed, Tue–Fri 10:00–17:00, Sat–Sun 10:00–16:00"", ""Typical_Duration_Min"": 75, ""Price_Range"": ""€"", ""Booking_Required"": ""No"", ""Indoor_Outdoor_Both"": ""Indoor"", ""Summer_Suitable"": ""Yes"", ""Winter_Suitable"": ""Yes"", ""Rain_Suitable"": ""Yes"", ""Heatwave_Suitable"": ""Yes"", ""Romantic_Score_1_10"": 8, ""Authentic_Cyprus_Score_1_10"": 9, ""Couple_Style"": ""Culture"", ""Accessibility_or_Access_Notes"": ""VR/AR and interactive displays"", ""Source_Primary"": ""https://www.visitpafos.org.cy/a-proud-heritage/museums/"", ""Last_Verified"": 46259, ""Data_Status"": ""Verified"", ""Source_Sheet"": ""Experiences | Indoor"", ""Source_Record_ID"": ""MASTER:PFO-A024"", ""Notes"": ""Useful high-quality indoor alternative for Anassa/Polis/Latchi users. | Four exhibition halls plus interactive games and VR/AR; particularly valuable as Polis/Latchi rain/heat alternative."", ""Parsed_Open_Time"": 0.375, ""Parsed_Close_Time"": 0.7083333333333334, ""Time_Parse_Confidence"": ""MEDIUM"", ""Time_Parse_Note"": ""Parsed explicit range from text: 09:00 to 17:00. Seasonal/multiple-session details may still require recheck."", ""Time_Slot_Usable"": ""Yes""}"
PFO-A025,Maa–Palaiokastro Museum,C03,Culture & Indoor,Archaeological Museum,Verified,7,9,45,Coral Bay / Pegeia,"{""Activity_ID"": ""PFO-A025"", ""Activity_Name"": ""Maa–Palaiokastro Museum"", ""Category"": ""Culture & Indoor"", ""Subcategory"": ""Archaeological Museum"", ""District"": ""Paphos"", ""Area"": ""Coral Bay / Pegeia"", ""Full_Address_or_Access_Point"": ""Maa-Palaiokastro, Coral Bay, Paphos"", ""Website"": ""https://www.visitpafos.org.cy/a-proud-heritage/museums/"", ""Phone"": ""+357 97 883 968"", ""Opening_Days"": ""Monday–Friday"", ""Opening_Hours"": ""Winter 08:30–16:00; Summer 09:30–17:00"", ""Typical_Duration_Min"": 45, ""Price_Range"": ""€"", ""Booking_Required"": ""No"", ""Rain_Suitable"": ""Yes"", ""Heatwave_Suitable"": ""Yes"", ""Romantic_Score_1_10"": 7, ""Authentic_Cyprus_Score_1_10"": 9, ""Source_Primary"": ""https://www.visitpafos.org.cy/a-proud-heritage/museums/"", ""Last_Verified"": 46259, ""Data_Status"": ""Verified"", ""Source_Sheet"": ""Indoor"", ""Source_Record_ID"": ""MASTER:PFO-A025"", ""Notes"": ""Distinctive underground museum building; useful near Coral Bay but closed weekends according to ETAP."", ""Parsed_Open_Time"": 0.3541666666666667, ""Parsed_Close_Time"": 0.7083333333333334, ""Time_Parse_Confidence"": ""MEDIUM"", ""Time_Parse_Note"": ""Parsed explicit range from text: 08:30 to 17:00. Seasonal/multiple-session details may still require recheck."", ""Time_Slot_Usable"": ""Yes""}"
PFO-A026,Episkopi Environmental Information Centre,C08,Culture & Indoor,Environmental Centre,Draft,7,10,60,Episkopi,"{""Activity_ID"": ""PFO-A026"", ""Activity_Name"": ""Episkopi Environmental Information Centre"", ""Category"": ""Culture & Indoor"", ""Subcategory"": ""Environmental Centre"", ""District"": ""Paphos"", ""Area"": ""Episkopi"", ""Full_Address_or_Access_Point"": ""Main road connecting Episkopi with Paphos Town"", ""Website"": ""https://www.visitpafos.org.cy/off-the-beaten-track/nature/"", ""Opening_Days"": ""Operating hours to confirm directly"", ""Opening_Hours"": ""Confirm before visit"", ""Typical_Duration_Min"": 60, ""Price_Range"": ""Unknown"", ""Booking_Required"": ""Recommended"", ""Indoor_Outdoor_Both"": ""Indoor"", ""Summer_Suitable"": ""Yes"", ""Winter_Suitable"": ""Yes"", ""Rain_Suitable"": ""Yes"", ""Heatwave_Suitable"": ""Yes"", ""Sunset_Suitable"": ""No"", ""Romantic_Score_1_10"": 7, ""Authentic_Cyprus_Score_1_10"": 10, ""Couple_Style"": ""Nature"", ""Best_Time_of_Day"": ""Daytime"", ""Accessibility_or_Access_Notes"": ""Exhibitions/documentaries and biodiversity information"", ""Source_Primary"": ""https://www.visitpafos.org.cy/off-the-beaten-track/nature/"", ""Source_Secondary"": ""https://www.visitpafos.org.cy/?page_id=8513"", ""Last_Verified"": 46259, ""Data_Status"": ""Draft"", ""Source_Sheet"": ""New Research"", ""Source_Record_ID"": ""MASTER:PFO-A026"", ""Notes"": ""Useful rain/heat alternative and starting point for Ezousa trails."", ""Time_Parse_Confidence"": ""LOW"", ""Time_Parse_Note"": ""Operator confirmation/booking required; no safe automatic time window."", ""Time_Slot_Usable"": ""No""}"
PFO-A027,Fyti Weaving Museum,C07,Culture & Indoor,Weaving Museum / Living Craft,Verified,9,10,60,Fyti,"{""Activity_ID"": ""PFO-A027"", ""Activity_Name"": ""Fyti Weaving Museum"", ""Category"": ""Culture & Indoor"", ""Subcategory"": ""Weaving Museum / Living Craft"", ""District"": ""Paphos"", ""Area"": ""Fyti"", ""Full_Address_or_Access_Point"": ""Fyti Village, Paphos"", ""Website"": ""https://www.visitpafos.org.cy/fyti-weaving-museum/"", ""Phone"": ""+357 99 824 544 / +357 99 211 524"", ""Opening_Days"": ""Monday–Saturday; Sunday by request"", ""Opening_Hours"": ""Nov–Apr 10:00–16:00; May–Oct 10:00–20:00"", ""Typical_Duration_Min"": 60, ""Price_Range"": ""Free"", ""Booking_Required"": ""No"", ""Rain_Suitable"": ""Yes"", ""Heatwave_Suitable"": ""Yes"", ""Romantic_Score_1_10"": 9, ""Authentic_Cyprus_Score_1_10"": 10, ""Source_Primary"": ""https://www.visitpafos.org.cy/fyti-weaving-museum/"", ""Source_Secondary"": ""https://www.visitpafos.org.cy/a-proud-heritage/museums/"", ""Last_Verified"": 46259, ""Data_Status"": ""Verified"", ""Source_Sheet"": ""Indoor"", ""Source_Record_ID"": ""MASTER:PFO-A027"", ""Notes"": ""Living heritage museum with loom demonstrations; excellent authentic-craft experience."", ""Parsed_Open_Time"": 0.4166666666666667, ""Parsed_Close_Time"": 0.8333333333333334, ""Time_Parse_Confidence"": ""MEDIUM"", ""Time_Parse_Note"": ""Parsed explicit range from text: 10:00 to 20:00. Seasonal/multiple-session details may still require recheck."", ""Time_Slot_Usable"": ""Yes""}"
PFO-A028,Byzantine Museum Geroskipou,C02,Culture & Indoor,Byzantine Museum,Verified,7,10,60,Geroskipou,"{""Activity_ID"": ""PFO-A028"", ""Activity_Name"": ""Byzantine Museum Geroskipou"", ""Category"": ""Culture & Indoor"", ""Subcategory"": ""Byzantine Museum"", ""District"": ""Paphos"", ""Area"": ""Geroskipou"", ""Full_Address_or_Access_Point"": ""Makariou III Avenue, Geroskipou, Pafos"", ""Website"": ""https://www.visitpafos.org.cy/a-proud-heritage/museums/"", ""Phone"": ""+357 26 271 221"", ""Opening_Days"": ""Monday–Saturday"", ""Opening_Hours"": ""Winter Mon–Fri 09:00–15:00, Sat 09:00–13:00; Summer Mon–Fri 09:00–16:00, Sat 09:00–13:00"", ""Typical_Duration_Min"": 60, ""Price_Range"": ""€"", ""Booking_Required"": ""No"", ""Rain_Suitable"": ""Yes"", ""Heatwave_Suitable"": ""Yes"", ""Romantic_Score_1_10"": 7, ""Authentic_Cyprus_Score_1_10"": 10, ""Source_Primary"": ""https://www.visitpafos.org.cy/a-proud-heritage/museums/"", ""Last_Verified"": 46259, ""Data_Status"": ""Verified"", ""Source_Sheet"": ""Indoor"", ""Source_Record_ID"": ""MASTER:PFO-A028"", ""Notes"": ""Strong Byzantine/heritage option in central Geroskipou; good rainy-day pairing with local gastronomy."", ""Parsed_Open_Time"": 0.375, ""Parsed_Close_Time"": 0.6666666666666666, ""Time_Parse_Confidence"": ""MEDIUM"", ""Time_Parse_Note"": ""Parsed explicit range from text: 09:00 to 16:00. Seasonal/multiple-session details may still require recheck."", ""Time_Slot_Usable"": ""Yes""}"
PFO-A029,Local Ethnographic Museum of Geroskipou,C02,Culture & Indoor,Museum / Folk Culture,Verified,7,10,60,Geroskipou,"{""Activity_ID"": ""PFO-A029"", ""Activity_Name"": ""Local Ethnographic Museum of Geroskipou"", ""Category"": ""Culture & Indoor"", ""Subcategory"": ""Museum / Folk Culture"", ""District"": ""Paphos"", ""Area"": ""Geroskipou"", ""Full_Address_or_Access_Point"": ""Geroskipou village, 3 km east of Pafos"", ""Website"": ""https://www.visitcyprus.com/discover-cyprus/culture/museums-galleries/local-ethnographic-museum-of-geroskipou/"", ""Phone"": ""+357 26 306 216"", ""Opening_Days"": ""Daily"", ""Opening_Hours"": ""16 Sep–15 Apr: 08:30–16:00; 16 Apr–16 Sep: 09:30–17:00"", ""Typical_Duration_Min"": 60, ""Price_Range"": ""Free"", ""Booking_Required"": ""No"", ""Rain_Suitable"": ""Yes"", ""Heatwave_Suitable"": ""Yes"", ""Romantic_Score_1_10"": 7, ""Authentic_Cyprus_Score_1_10"": 10, ""Source_Primary"": ""https://www.visitcyprus.com/discover-cyprus/culture/museums-galleries/local-ethnographic-museum-of-geroskipou/"", ""Source_Secondary"": ""https://www.mcw.gov.cy/da"", ""Last_Verified"": ""2026-08-25"", ""Data_Status"": ""Verified"", ""Source_Sheet"": ""Indoor"", ""Source_Record_ID"": ""MASTER:PFO-A029"", ""Notes"": ""Authentic Cyprus crafts and folk-life content."", ""Parsed_Open_Time"": 0.3541666666666667, ""Parsed_Close_Time"": 0.7083333333333334, ""Time_Parse_Confidence"": ""MEDIUM"", ""Time_Parse_Note"": ""Parsed explicit range from text: 08:30 to 17:00. Seasonal/multiple-session details may still require recheck."", ""Time_Slot_Usable"": ""Yes""}"
PFO-A030,Inia Basket Weaving Museum,C04,Culture & Indoor,Basket Weaving Museum,Verified,8,10,60,Inia,"{""Activity_ID"": ""PFO-A030"", ""Activity_Name"": ""Inia Basket Weaving Museum"", ""Category"": ""Culture & Indoor"", ""Subcategory"": ""Basket Weaving Museum"", ""District"": ""Paphos"", ""Area"": ""Inia"", ""Full_Address_or_Access_Point"": ""Inia Village, Paphos"", ""Website"": ""https://www.visitpafos.org.cy/a-proud-heritage/museums/"", ""Opening_Days"": ""Monday–Saturday"", ""Opening_Hours"": ""Mon–Fri 09:00–16:00; Sat 10:00–15:00"", ""Typical_Duration_Min"": 60, ""Price_Range"": ""Unknown"", ""Booking_Required"": ""No"", ""Rain_Suitable"": ""Yes"", ""Heatwave_Suitable"": ""Yes"", ""Romantic_Score_1_10"": 8, ""Authentic_Cyprus_Score_1_10"": 10, ""Source_Primary"": ""https://www.visitpafos.org.cy/a-proud-heritage/museums/"", ""Source_Secondary"": ""https://www.visitpafos.org.cy/the-real-thing/?lang=el"", ""Last_Verified"": 46259, ""Data_Status"": ""Verified"", ""Source_Sheet"": ""Indoor"", ""Source_Record_ID"": ""MASTER:PFO-A030"", ""Notes"": ""Traditional basketry collection in scenic Inia; good combination with Akamas viewpoints."", ""Parsed_Open_Time"": 0.375, ""Parsed_Close_Time"": 0.6666666666666666, ""Time_Parse_Confidence"": ""MEDIUM"", ""Time_Parse_Note"": ""Parsed explicit range from text: 09:00 to 16:00. Seasonal/multiple-session details may still require recheck."", ""Time_Slot_Usable"": ""Yes""}"
PFO-A031,Kato Akourdaleia Folk Art Museum,C04,Culture & Indoor,Folk Art Museum,Verified,7,10,45,Kato Akourdaleia,"{""Activity_ID"": ""PFO-A031"", ""Activity_Name"": ""Kato Akourdaleia Folk Art Museum"", ""Category"": ""Culture & Indoor"", ""Subcategory"": ""Folk Art Museum"", ""District"": ""Paphos"", ""Area"": ""Kato Akourdaleia"", ""Full_Address_or_Access_Point"": ""Kato Akourdaleia village, Paphos"", ""Website"": ""https://www.visitpafos.org.cy/a-proud-heritage/museums/"", ""Phone"": ""+357 26 306 216"", ""Opening_Days"": ""Monday–Friday; weekends closed"", ""Opening_Hours"": ""Mon/Tue/Wed/Fri 08:00–14:30; Thu 08:00–17:00"", ""Typical_Duration_Min"": 45, ""Price_Range"": ""€"", ""Booking_Required"": ""No"", ""Rain_Suitable"": ""Yes"", ""Heatwave_Suitable"": ""Yes"", ""Romantic_Score_1_10"": 7, ""Authentic_Cyprus_Score_1_10"": 10, ""Source_Primary"": ""https://www.visitpafos.org.cy/a-proud-heritage/museums/"", ""Last_Verified"": 46259, ""Data_Status"": ""Verified"", ""Source_Sheet"": ""Indoor"", ""Source_Record_ID"": ""MASTER:PFO-A031"", ""Notes"": ""Small rural folk-art museum; best used when already routing through Akourdaleia/Laona."", ""Parsed_Open_Time"": 0.3333333333333333, ""Parsed_Close_Time"": 0.7083333333333334, ""Time_Parse_Confidence"": ""MEDIUM"", ""Time_Parse_Note"": ""Parsed explicit range from text: 08:00 to 17:00. Seasonal/multiple-session details may still require recheck."", ""Time_Slot_Usable"": ""Yes""}"
PFO-A032,Palaipafos Museum / Sanctuary of Aphrodite,C02,Culture & Indoor,Archaeological Museum / Mythology,Verified,10,10,75,Kouklia,"{""Activity_ID"": ""PFO-A032"", ""Activity_Name"": ""Palaipafos Museum / Sanctuary of Aphrodite"", ""Category"": ""Culture & Indoor"", ""Subcategory"": ""Archaeological Museum / Mythology"", ""District"": ""Paphos"", ""Area"": ""Kouklia"", ""Full_Address_or_Access_Point"": ""Palaipafos Archaeological Site, Kouklia"", ""Website"": ""https://www.visitpafos.org.cy/a-proud-heritage/museums/"", ""Phone"": ""+357 26 432 180"", ""Opening_Days"": ""Monday–Sunday"", ""Opening_Hours"": ""Winter 08:30–17:00; Summer 08:30–19:30"", ""Typical_Duration_Min"": 75, ""Price_Range"": ""€"", ""Booking_Required"": ""No"", ""Rain_Suitable"": ""Yes"", ""Heatwave_Suitable"": ""Conditional"", ""Romantic_Score_1_10"": 10, ""Authentic_Cyprus_Score_1_10"": 10, ""Source_Primary"": ""https://www.visitpafos.org.cy/a-proud-heritage/museums/"", ""Source_Secondary"": ""https://www.visitpafos.org.cy/a-proud-heritage/archaeological-sites/"", ""Last_Verified"": 46259, ""Data_Status"": ""Verified"", ""Source_Sheet"": ""Indoor"", ""Source_Record_ID"": ""MASTER:PFO-A032"", ""Notes"": ""Very high-value romantic mythology stop; entrance includes archaeological site. Outdoor section should be timed outside extreme heat."", ""Parsed_Open_Time"": 0.3541666666666667, ""Parsed_Close_Time"": 0.8125, ""Time_Parse_Confidence"": ""MEDIUM"", ""Time_Parse_Note"": ""Parsed explicit range from text: 08:30 to 19:30. Seasonal/multiple-session details may still require recheck."", ""Time_Slot_Usable"": ""Yes""}"
PFO-A033,Kritou Terra Environmental Study Centre,C04,Culture & Indoor,Environmental Centre,Draft,7,10,75,Kritou Terra,"{""Activity_ID"": ""PFO-A033"", ""Activity_Name"": ""Kritou Terra Environmental Study Centre"", ""Category"": ""Culture & Indoor"", ""Subcategory"": ""Environmental Centre"", ""District"": ""Paphos"", ""Area"": ""Kritou Terra"", ""Full_Address_or_Access_Point"": ""Kritou Terra village, Paphos"", ""Website"": ""https://www.visitpafos.org.cy/off-the-beaten-track/nature/"", ""Opening_Days"": ""Programme/visitor hours to confirm"", ""Opening_Hours"": ""Confirm directly"", ""Typical_Duration_Min"": 75, ""Price_Range"": ""Unknown"", ""Booking_Required"": ""Recommended"", ""Indoor_Outdoor_Both"": ""Indoor"", ""Summer_Suitable"": ""Yes"", ""Winter_Suitable"": ""Yes"", ""Rain_Suitable"": ""Yes"", ""Heatwave_Suitable"": ""Yes"", ""Sunset_Suitable"": ""No"", ""Romantic_Score_1_10"": 7, ""Authentic_Cyprus_Score_1_10"": 10, ""Couple_Style"": ""Nature"", ""Best_Time_of_Day"": ""Daytime"", ""Accessibility_or_Access_Notes"": ""Educational programmes cover forest/freshwater ecology and landscape"", ""Source_Primary"": ""https://www.visitpafos.org.cy/off-the-beaten-track/nature/"", ""Source_Secondary"": ""https://www.visitpafos.org.cy/digital-experience/?lang=ru"", ""Last_Verified"": 46259, ""Data_Status"": ""Draft"", ""Source_Sheet"": ""New Research"", ""Source_Record_ID"": ""MASTER:PFO-A033"", ""Notes"": ""Good inland educational activity and rainy-day option."", ""Time_Parse_Confidence"": ""LOW"", ""Time_Parse_Note"": ""Operator confirmation/booking required; no safe automatic time window."", ""Time_Slot_Usable"": ""No""}"
PFO-A034,Archaeological Museum of the Pafos District,C01,Culture & Indoor,Museum,Verified,6,10,75,Paphos Town,"{""Activity_ID"": ""PFO-A034"", ""Activity_Name"": ""Archaeological Museum of the Pafos District"", ""Category"": ""Culture & Indoor"", ""Subcategory"": ""Museum"", ""District"": ""Paphos"", ""Area"": ""Paphos Town"", ""Full_Address_or_Access_Point"": ""43 Griva Digeni Avenue, Paphos"", ""Latitude"": 34.771652, ""Longitude"": 32.430317, ""Website"": ""https://www.visitcyprus.com/discover-cyprus/culture/museums-galleries/archaeological-museum-of-the-pafos-paphos-district/"", ""Phone"": ""+357 26 955 801"", ""Opening_Days"": ""Tuesday–Sunday"", ""Opening_Hours"": ""09:00–16:30"", ""Typical_Duration_Min"": 75, ""Price_Range"": ""Free"", ""Booking_Required"": ""No"", ""Rain_Suitable"": ""Yes"", ""Heatwave_Suitable"": ""Yes"", ""Romantic_Score_1_10"": 6, ""Authentic_Cyprus_Score_1_10"": 10, ""Source_Primary"": ""https://www.visitcyprus.com/discover-cyprus/culture/museums-galleries/archaeological-museum-of-the-pafos-paphos-district/"", ""Source_Secondary"": ""https://www.mcw.gov.cy/da"", ""Last_Verified"": ""2026-08-25"", ""Data_Status"": ""Verified"", ""Source_Sheet"": ""Indoor"", ""Source_Record_ID"": ""MASTER:PFO-A034"", ""Notes"": ""Excellent rain/heatwave cultural alternative."", ""Parsed_Open_Time"": 0.375, ""Parsed_Close_Time"": 0.6875, ""Time_Parse_Confidence"": ""MEDIUM"", ""Time_Parse_Note"": ""Parsed explicit range from text: 09:00 to 16:30. Seasonal/multiple-session details may still require recheck."", ""Time_Slot_Usable"": ""Yes""}"
PFO-A035,Pafos Ethnographical Museum,C01,Culture & Indoor,Ethnographic Museum,Verified,8,10,75,Paphos Town,"{""Activity_ID"": ""PFO-A035"", ""Activity_Name"": ""Pafos Ethnographical Museum"", ""Category"": ""Culture & Indoor"", ""Subcategory"": ""Ethnographic Museum"", ""District"": ""Paphos"", ""Area"": ""Paphos Town"", ""Full_Address_or_Access_Point"": ""1 Exo Vrisis Street, Pafos"", ""Website"": ""https://www.visitpafos.org.cy/?page_id=30316"", ""Phone"": ""+357 26 932 010 / +357 26 944 833 / +357 99 413 244"", ""Opening_Days"": ""Monday–Sunday"", ""Opening_Hours"": ""Mon–Sat 10:00–17:00; Sun 11:00–13:00"", ""Typical_Duration_Min"": 75, ""Price_Range"": ""€"", ""Booking_Required"": ""No"", ""Rain_Suitable"": ""Yes"", ""Heatwave_Suitable"": ""Yes"", ""Romantic_Score_1_10"": 8, ""Authentic_Cyprus_Score_1_10"": 10, ""Source_Primary"": ""https://www.visitpafos.org.cy/?page_id=30316"", ""Source_Secondary"": ""https://www.visitpafos.org.cy/a-proud-heritage/museums/"", ""Last_Verified"": 46259, ""Data_Status"": ""Verified"", ""Source_Sheet"": ""Indoor"", ""Source_Record_ID"": ""MASTER:PFO-A035"", ""Notes"": ""Private museum in historic 1894 house; strong authentic-Cyprus content and good Sunday option."", ""Parsed_Open_Time"": 0.4166666666666667, ""Parsed_Close_Time"": 0.7083333333333334, ""Time_Parse_Confidence"": ""MEDIUM"", ""Time_Parse_Note"": ""Parsed explicit range from text: 10:00 to 17:00. Seasonal/multiple-session details may still require recheck."", ""Time_Slot_Usable"": ""Yes""}"
PFO-A036,Byzantine Museum of Arsinoe,C07,Culture & Indoor,Museum / Byzantine Culture,Verified,6,10,60,Peristerona,"{""Activity_ID"": ""PFO-A036"", ""Activity_Name"": ""Byzantine Museum of Arsinoe"", ""Category"": ""Culture & Indoor"", ""Subcategory"": ""Museum / Byzantine Culture"", ""District"": ""Paphos"", ""Area"": ""Peristerona"", ""Full_Address_or_Access_Point"": ""Peristerona village, 9 km south of Polis"", ""Website"": ""https://www.visitcyprus.com/discover-cyprus/rural/museums-galleries-rural/byzantine-museum-of-arsinoe-2/"", ""Phone"": ""+357 26 352 515"", ""Opening_Days"": ""Monday–Friday"", ""Opening_Hours"": ""1 Sep–1 Apr: 10:00–16:00; 2 Apr–31 Aug: 10:00–13:00 / 15:00–18:00"", ""Typical_Duration_Min"": 60, ""Price_Range"": ""€"", ""Booking_Required"": ""No"", ""Rain_Suitable"": ""Yes"", ""Heatwave_Suitable"": ""Yes"", ""Romantic_Score_1_10"": 6, ""Authentic_Cyprus_Score_1_10"": 10, ""Source_Primary"": ""https://www.visitcyprus.com/discover-cyprus/rural/museums-galleries-rural/byzantine-museum-of-arsinoe-2/"", ""Source_Secondary"": ""https://www.impaphou.org"", ""Last_Verified"": ""2026-08-25"", ""Data_Status"": ""Verified"", ""Source_Sheet"": ""Indoor"", ""Source_Record_ID"": ""MASTER:PFO-A036"", ""Notes"": ""Closed weekends; useful Polis-area indoor option."", ""Parsed_Open_Time"": 0.4166666666666667, ""Parsed_Close_Time"": 0.75, ""Time_Parse_Confidence"": ""MEDIUM"", ""Time_Parse_Note"": ""Parsed explicit range from text: 10:00 to 18:00. Seasonal/multiple-session details may still require recheck."", ""Time_Slot_Usable"": ""Yes""}"
PFO-A037,Polis Archaeological Museum Marion / Arsinoe,C05,Culture & Indoor,Archaeological Museum,Verified,7,10,60,Polis Chrysochous,"{""Activity_ID"": ""PFO-A037"", ""Activity_Name"": ""Polis Archaeological Museum Marion / Arsinoe"", ""Category"": ""Culture & Indoor"", ""Subcategory"": ""Archaeological Museum"", ""District"": ""Paphos"", ""Area"": ""Polis Chrysochous"", ""Full_Address_or_Access_Point"": ""26 Leoforos Makariou III, Polis Chrysochous"", ""Website"": ""https://www.visitpafos.org.cy/a-proud-heritage/museums/"", ""Phone"": ""+357 26 322 955"", ""Opening_Days"": ""Monday–Saturday"", ""Opening_Hours"": ""Mon–Fri 08:00–16:00; Sat 09:00–15:00"", ""Typical_Duration_Min"": 60, ""Price_Range"": ""€"", ""Booking_Required"": ""No"", ""Rain_Suitable"": ""Yes"", ""Heatwave_Suitable"": ""Yes"", ""Romantic_Score_1_10"": 7, ""Authentic_Cyprus_Score_1_10"": 10, ""Source_Primary"": ""https://www.visitpafos.org.cy/a-proud-heritage/museums/"", ""Last_Verified"": 46259, ""Data_Status"": ""Verified"", ""Source_Sheet"": ""Indoor"", ""Source_Record_ID"": ""MASTER:PFO-A037"", ""Notes"": ""Useful indoor cultural option for Polis/Latchi itineraries; wheelchair accessible according to ETAP."", ""Parsed_Open_Time"": 0.3333333333333333, ""Parsed_Close_Time"": 0.6666666666666666, ""Time_Parse_Confidence"": ""MEDIUM"", ""Time_Parse_Note"": ""Parsed explicit range from text: 08:00 to 16:00. Seasonal/multiple-session details may still require recheck."", ""Time_Slot_Usable"": ""Yes""}"
PFO-A038,Salamiou Environmental Education Centre,C11,Culture & Indoor,Environmental Centre,Draft,7,10,75,Salamiou,"{""Activity_ID"": ""PFO-A038"", ""Activity_Name"": ""Salamiou Environmental Education Centre"", ""Category"": ""Culture & Indoor"", ""Subcategory"": ""Environmental Centre"", ""District"": ""Paphos"", ""Area"": ""Salamiou"", ""Full_Address_or_Access_Point"": ""Salamiou village, Paphos"", ""Website"": ""https://www.visitpafos.org.cy/off-the-beaten-track/nature/"", ""Opening_Days"": ""Programme/visitor hours to confirm"", ""Opening_Hours"": ""Confirm directly"", ""Typical_Duration_Min"": 75, ""Price_Range"": ""Unknown"", ""Booking_Required"": ""Recommended"", ""Indoor_Outdoor_Both"": ""Indoor"", ""Summer_Suitable"": ""Yes"", ""Winter_Suitable"": ""Yes"", ""Rain_Suitable"": ""Yes"", ""Heatwave_Suitable"": ""Yes"", ""Sunset_Suitable"": ""No"", ""Romantic_Score_1_10"": 7, ""Authentic_Cyprus_Score_1_10"": 10, ""Couple_Style"": ""Nature"", ""Best_Time_of_Day"": ""Daytime"", ""Accessibility_or_Access_Notes"": ""Natura 2000 ecosystem and local flora/fauna interpretation"", ""Source_Primary"": ""https://www.visitpafos.org.cy/off-the-beaten-track/nature/"", ""Source_Secondary"": ""https://www.visitpafos.org.cy/?page_id=8513"", ""Last_Verified"": 46259, ""Data_Status"": ""Draft"", ""Source_Sheet"": ""New Research"", ""Source_Record_ID"": ""MASTER:PFO-A038"", ""Notes"": ""Pairs naturally with Lagria Winery and Salamiou village."", ""Time_Parse_Confidence"": ""LOW"", ""Time_Parse_Note"": ""Operator confirmation/booking required; no safe automatic time window."", ""Time_Slot_Usable"": ""No""}"
PFO-A039,Steni Museum of Village Life,C07,Culture & Indoor,Village Life Museum,Draft,7,10,60,Steni,"{""Activity_ID"": ""PFO-A039"", ""Activity_Name"": ""Steni Museum of Village Life"", ""Category"": ""Culture & Indoor"", ""Subcategory"": ""Village Life Museum"", ""District"": ""Paphos"", ""Area"": ""Steni"", ""Full_Address_or_Access_Point"": ""Steni village, Paphos"", ""Website"": ""https://www.visitpafos.org.cy/digital-experience/?lang=ru"", ""Opening_Days"": ""Operating details require direct confirmation"", ""Opening_Hours"": ""Confirm directly"", ""Typical_Duration_Min"": 60, ""Price_Range"": ""Unknown"", ""Booking_Required"": ""Recommended"", ""Indoor_Outdoor_Both"": ""Indoor"", ""Summer_Suitable"": ""Yes"", ""Winter_Suitable"": ""Yes"", ""Rain_Suitable"": ""Yes"", ""Heatwave_Suitable"": ""Yes"", ""Sunset_Suitable"": ""No"", ""Romantic_Score_1_10"": 7, ""Authentic_Cyprus_Score_1_10"": 10, ""Couple_Style"": ""Authentic Cyprus"", ""Best_Time_of_Day"": ""Daytime"", ""Accessibility_or_Access_Notes"": ""Exact hours/contact to verify before public use"", ""Source_Primary"": ""https://www.visitpafos.org.cy/digital-experience/?lang=ru"", ""Source_Secondary"": ""https://marmaras-lysos.com/el/%CF%83%CF%87%CE%B5%CF%84%CE%B9%CE%BA%CE%B1-%CE%BC%CE%B5-%CE%B5%CE%BC%CE%B1%CF%83/"", ""Last_Verified"": 46259, ""Data_Status"": ""Draft"", ""Source_Sheet"": ""New Research"", ""Source_Record_ID"": ""MASTER:PFO-A039"", ""Notes"": ""Important for Steni/Lysos/Peristerona rural coverage."", ""Time_Parse_Confidence"": ""LOW"", ""Time_Parse_Note"": ""Operator confirmation/booking required; no safe automatic time window."", ""Time_Slot_Usable"": ""No""}"
PFO-A040,Agios Neophytos Monastery Museum & Enkleistra,C08,Culture & Indoor,Museum / Monastery,Verified,8,10,75,Tala,"{""Activity_ID"": ""PFO-A040"", ""Activity_Name"": ""Agios Neophytos Monastery Museum & Enkleistra"", ""Category"": ""Culture & Indoor"", ""Subcategory"": ""Museum / Monastery"", ""District"": ""Paphos"", ""Area"": ""Tala"", ""Full_Address_or_Access_Point"": ""Near Tala village, 9 km north of Pafos"", ""Latitude"": 34.846749, ""Longitude"": 32.445679, ""Website"": ""https://www.visitcyprus.com/discover-cyprus/culture/museums-galleries/agios-neophytos-monastery-museum/"", ""Phone"": ""+357 26 652 481"", ""Opening_Days"": ""Daily"", ""Opening_Hours"": ""Apr–Oct: 09:00–13:00 / 14:00–18:00; Nov–Mar: 09:00–16:00"", ""Typical_Duration_Min"": 75, ""Price_Range"": ""€"", ""Booking_Required"": ""No"", ""Rain_Suitable"": ""Yes"", ""Heatwave_Suitable"": ""Yes"", ""Romantic_Score_1_10"": 8, ""Authentic_Cyprus_Score_1_10"": 10, ""Source_Primary"": ""https://www.visitcyprus.com/discover-cyprus/culture/museums-galleries/agios-neophytos-monastery-museum/"", ""Source_Secondary"": ""https://www.stneophytos.org.cy"", ""Last_Verified"": ""2026-08-25"", ""Data_Status"": ""Verified"", ""Source_Sheet"": ""Indoor"", ""Source_Record_ID"": ""MASTER:PFO-A040"", ""Notes"": ""Museum/Enkleistra ticket €2 per Visit Cyprus."", ""Parsed_Open_Time"": 0.375, ""Parsed_Close_Time"": 0.75, ""Time_Parse_Confidence"": ""MEDIUM"", ""Time_Parse_Note"": ""Parsed explicit range from text: 09:00 to 18:00. Seasonal/multiple-session details may still require recheck."", ""Time_Slot_Usable"": ""Yes""}"
PFO-A041,Old Town Pafos Crafts & Municipal Market Walk,C01,Experience,Creative Tourism / Local Market,Verified,9,10,90,Old Town Pafos,"{""Activity_ID"": ""PFO-A041"", ""Activity_Name"": ""Old Town Pafos Crafts & Municipal Market Walk"", ""Category"": ""Experience"", ""Subcategory"": ""Creative Tourism / Local Market"", ""District"": ""Paphos"", ""Area"": ""Old Town Pafos"", ""Full_Address_or_Access_Point"": ""Pafos Old Town / Municipal Market area"", ""Website"": ""https://www.visitpafos.org.cy/?page_id=7826"", ""Opening_Days"": ""General district activity; individual shops vary"", ""Opening_Hours"": ""Best during normal market/shop hours; verify individual workshop before booking"", ""Typical_Duration_Min"": 90, ""Price_Range"": ""Free"", ""Booking_Required"": ""No"", ""Indoor_Outdoor_Both"": ""Both"", ""Summer_Suitable"": ""Yes"", ""Winter_Suitable"": ""Yes"", ""Rain_Suitable"": ""Conditional"", ""Heatwave_Suitable"": ""Conditional"", ""Romantic_Score_1_10"": 9, ""Authentic_Cyprus_Score_1_10"": 10, ""Couple_Style"": ""Authentic Cyprus"", ""Accessibility_or_Access_Notes"": ""Individual workshops and shops have independent hours"", ""Source_Primary"": ""https://www.visitpafos.org.cy/?page_id=7826"", ""Source_Secondary"": ""https://www.visitpafos.org.cy/?page_id=8524"", ""Last_Verified"": 46259, ""Data_Status"": ""Verified"", ""Source_Sheet"": ""Experiences"", ""Source_Record_ID"": ""MASTER:PFO-A041"", ""Notes"": ""Includes market, local products and crafts such as ceramics, copperware, weaving and handmade jewellery; use as flexible exploration block."", ""Time_Parse_Confidence"": ""LOW"", ""Time_Parse_Note"": ""No parsable operating window."", ""Time_Slot_Usable"": ""No""}"
PFO-A042,Sterna Boutique Winery & Wine Museum,C04,Food & Wine,Winery / Wine Tasting,Verified,10,10,75,Kathikas,"{""Activity_ID"": ""PFO-A042"", ""Activity_Name"": ""Sterna Boutique Winery & Wine Museum"", ""Category"": ""Food & Wine"", ""Subcategory"": ""Winery / Wine Tasting"", ""District"": ""Paphos"", ""Area"": ""Kathikas"", ""Full_Address_or_Access_Point"": ""Sternas 50, Kathikas Village, 8573 Paphos, Cyprus"", ""Website"": ""https://sterna-winery.com/"", ""Phone"": ""+357 99 170 699 / +357 97 690 231"", ""Opening_Days"": ""Monday–Sunday"", ""Opening_Hours"": ""08:00–17:00"", ""Typical_Duration_Min"": 75, ""Price_Range"": ""€€"", ""Booking_Required"": ""No for small parties; groups >10 reserve"", ""Indoor_Outdoor_Both"": ""Both"", ""Summer_Suitable"": ""Yes"", ""Winter_Suitable"": ""Yes"", ""Rain_Suitable"": ""Yes"", ""Romantic_Score_1_10"": 10, ""Authentic_Cyprus_Score_1_10"": 10, ""Source_Primary"": ""https://sterna-winery.com/"", ""Source_Secondary"": ""https://sterna-winery.com/our-story/contact/"", ""Last_Verified"": 46259, ""Data_Status"": ""Verified"", ""Source_Sheet"": ""Wineries"", ""Source_Record_ID"": ""MASTER:PFO-A042"", ""Notes"": ""Boutique winery and wine museum; daily drop-in visits shown on official site."", ""Parsed_Open_Time"": 0.3333333333333333, ""Parsed_Close_Time"": 0.7083333333333334, ""Time_Parse_Confidence"": ""MEDIUM"", ""Time_Parse_Note"": ""Parsed explicit range from text: 08:00 to 17:00. Seasonal/multiple-session details may still require recheck."", ""Time_Slot_Usable"": ""Yes""}"
PFO-A043,Vasilikon Winery,C04,Food & Wine,Winery / Wine Tasting,Verified,10,10,75,Kathikas,"{""Activity_ID"": ""PFO-A043"", ""Activity_Name"": ""Vasilikon Winery"", ""Category"": ""Food & Wine"", ""Subcategory"": ""Winery / Wine Tasting"", ""District"": ""Paphos"", ""Area"": ""Kathikas"", ""Full_Address_or_Access_Point"": ""Kathikas 8573, Paphos, Cyprus"", ""Website"": ""https://vasilikon.com/"", ""Phone"": ""+357 26 633 999"", ""Opening_Days"": ""Monday–Saturday; Sundays/public holidays excluded by official contact page"", ""Opening_Hours"": ""Summer 08:30–18:00; Winter 08:30–17:00"", ""Typical_Duration_Min"": 75, ""Price_Range"": ""€€"", ""Booking_Required"": ""Recommended"", ""Indoor_Outdoor_Both"": ""Both"", ""Summer_Suitable"": ""Yes"", ""Winter_Suitable"": ""Yes"", ""Rain_Suitable"": ""Yes"", ""Romantic_Score_1_10"": 10, ""Authentic_Cyprus_Score_1_10"": 10, ""Source_Primary"": ""https://vasilikon.com/contact/"", ""Source_Secondary"": ""https://www.visitpafos.org.cy/off-the-beaten-track/wineries/"", ""Last_Verified"": 46259, ""Data_Status"": ""Verified"", ""Source_Sheet"": ""Wineries"", ""Source_Record_ID"": ""MASTER:PFO-A043"", ""Notes"": ""Official winery site confirms opening hours and on-site restaurant 10:00–16:00. Strong Laona-Akamas wine-route option."", ""Parsed_Open_Time"": 0.3541666666666667, ""Parsed_Close_Time"": 0.75, ""Time_Parse_Confidence"": ""MEDIUM"", ""Time_Parse_Note"": ""Parsed explicit range from text: 08:30 to 18:00. Seasonal/multiple-session details may still require recheck."", ""Time_Slot_Usable"": ""Yes""}"
PFO-A044,Tsangarides Winery,C08,Food & Wine,Winery / Wine Tasting,Verified,10,10,75,Lemona,"{""Activity_ID"": ""PFO-A044"", ""Activity_Name"": ""Tsangarides Winery"", ""Category"": ""Food & Wine"", ""Subcategory"": ""Winery / Wine Tasting"", ""District"": ""Paphos"", ""Area"": ""Lemona"", ""Full_Address_or_Access_Point"": ""Tsangarides Winery, Lemona Village, Paphos 8545, Cyprus"", ""Website"": ""https://tsangarideswinery.com/"", ""Phone"": ""+357 26 722 777"", ""Opening_Days"": ""Monday–Sunday"", ""Opening_Hours"": ""10:00–18:00"", ""Typical_Duration_Min"": 75, ""Price_Range"": ""€€"", ""Booking_Required"": ""Yes"", ""Indoor_Outdoor_Both"": ""Both"", ""Summer_Suitable"": ""Yes"", ""Winter_Suitable"": ""Yes"", ""Rain_Suitable"": ""Yes"", ""Romantic_Score_1_10"": 10, ""Authentic_Cyprus_Score_1_10"": 10, ""Source_Primary"": ""https://tsangarideswinery.com/contact/"", ""Source_Secondary"": ""https://www.tsangarideswinery.com/events/"", ""Last_Verified"": ""2026-08-25"", ""Data_Status"": ""Verified"", ""Source_Sheet"": ""Wineries"", ""Source_Record_ID"": ""MASTER:PFO-A044"", ""Notes"": ""Guided tastings available; official website lists daily hours."", ""Parsed_Open_Time"": 0.4166666666666667, ""Parsed_Close_Time"": 0.75, ""Time_Parse_Confidence"": ""MEDIUM"", ""Time_Parse_Note"": ""Parsed explicit range from text: 10:00 to 18:00. Seasonal/multiple-session details may still require recheck."", ""Time_Slot_Usable"": ""Yes""}"
PFO-A045,Makarounas Vineyards,C08,Food & Wine,Winery / Wine Tasting,Verified,10,10,90,Letymbou countryside,"{""Activity_ID"": ""PFO-A045"", ""Activity_Name"": ""Makarounas Vineyards"", ""Category"": ""Food & Wine"", ""Subcategory"": ""Winery / Wine Tasting"", ""District"": ""Paphos"", ""Area"": ""Letymbou countryside"", ""Full_Address_or_Access_Point"": ""Makarounas Vineyards, Paphos District"", ""Website"": ""https://www.makarounaswinery.com/visit/"", ""Opening_Days"": ""Monday–Saturday"", ""Opening_Hours"": ""Mon–Fri 11:00–15:00; Sat 11:00–17:00"", ""Typical_Duration_Min"": 90, ""Price_Range"": ""€€"", ""Booking_Required"": ""Yes"", ""Indoor_Outdoor_Both"": ""Both"", ""Summer_Suitable"": ""Yes"", ""Winter_Suitable"": ""Yes"", ""Rain_Suitable"": ""Yes"", ""Romantic_Score_1_10"": 10, ""Authentic_Cyprus_Score_1_10"": 10, ""Source_Primary"": ""https://www.makarounaswinery.com/visit/"", ""Last_Verified"": 46259, ""Data_Status"": ""Verified"", ""Source_Sheet"": ""Wineries"", ""Source_Record_ID"": ""MASTER:PFO-A045"", ""Notes"": ""Weekdays: wine by glass/bottle with bites; Saturday: wine tasting plus seasonal homemade dishes."", ""Parsed_Open_Time"": 0.4583333333333333, ""Parsed_Close_Time"": 0.7083333333333334, ""Time_Parse_Confidence"": ""MEDIUM"", ""Time_Parse_Note"": ""Parsed explicit range from text: 11:00 to 17:00. Seasonal/multiple-session details may still require recheck."", ""Time_Slot_Usable"": ""Yes""}"
PFO-A046,Fikardos Winery,C08,Food & Wine,Winery / Wine Tasting,Verified,9,10,75,Mesogi,"{""Activity_ID"": ""PFO-A046"", ""Activity_Name"": ""Fikardos Winery"", ""Category"": ""Food & Wine"", ""Subcategory"": ""Winery / Wine Tasting"", ""District"": ""Paphos"", ""Area"": ""Mesogi"", ""Full_Address_or_Access_Point"": ""22 Michalaki Savvidi, Mesogi, Paphos, 8280"", ""Website"": ""https://www.fikardoswines.com.cy/"", ""Phone"": ""+357 26 949 814"", ""Opening_Days"": ""Monday–Saturday; Sunday closed"", ""Opening_Hours"": ""11:00–13:00 & 14:30–18:00"", ""Typical_Duration_Min"": 75, ""Price_Range"": ""€€"", ""Booking_Required"": ""Yes"", ""Indoor_Outdoor_Both"": ""Both"", ""Summer_Suitable"": ""Yes"", ""Winter_Suitable"": ""Yes"", ""Rain_Suitable"": ""Yes"", ""Romantic_Score_1_10"": 9, ""Authentic_Cyprus_Score_1_10"": 10, ""Source_Primary"": ""https://www.fikardoswines.com.cy/contact-faq/"", ""Source_Secondary"": ""https://www.fikardoswines.com.cy/bookings/"", ""Last_Verified"": 46259, ""Data_Status"": ""Verified"", ""Source_Sheet"": ""Wineries"", ""Source_Record_ID"": ""MASTER:PFO-A046"", ""Notes"": ""Family-run winery near Paphos; tasting includes 6 wines."", ""Parsed_Open_Time"": 0.4583333333333333, ""Parsed_Close_Time"": 0.75, ""Time_Parse_Confidence"": ""MEDIUM"", ""Time_Parse_Note"": ""Parsed explicit range from text: 11:00 to 18:00. Seasonal/multiple-session details may still require recheck."", ""Time_Slot_Usable"": ""Yes""}"
PFO-A047,Kolios Winery,C10,Food & Wine,Winery / Wine Tasting,Verified,9,10,75,Statos–Agios Fotios,"{""Activity_ID"": ""PFO-A047"", ""Activity_Name"": ""Kolios Winery"", ""Category"": ""Food & Wine"", ""Subcategory"": ""Winery / Wine Tasting"", ""District"": ""Paphos"", ""Area"": ""Statos–Agios Fotios"", ""Full_Address_or_Access_Point"": ""Statos–Ayios Fotios, Paphos 2651, Cyprus"", ""Website"": ""https://www.kolioswinery.com.cy/"", ""Phone"": ""+357 26 724 090"", ""Opening_Days"": ""Monday–Saturday; Sunday closed"", ""Opening_Hours"": ""1 Mar–30 Sep: 08:30–17:00; 1 Oct–28 Feb: 09:00–15:00"", ""Typical_Duration_Min"": 75, ""Price_Range"": ""€€"", ""Booking_Required"": ""Recommended"", ""Indoor_Outdoor_Both"": ""Both"", ""Summer_Suitable"": ""Yes"", ""Winter_Suitable"": ""Yes"", ""Rain_Suitable"": ""Yes"", ""Romantic_Score_1_10"": 9, ""Authentic_Cyprus_Score_1_10"": 10, ""Source_Primary"": ""https://www.kolioswinery.com.cy/contact/"", ""Source_Secondary"": ""https://www.visitpafos.org.cy/off-the-beaten-track/wineries/"", ""Last_Verified"": 46259, ""Data_Status"": ""Verified"", ""Source_Sheet"": ""Wineries"", ""Source_Record_ID"": ""MASTER:PFO-A047"", ""Notes"": ""Official winery site confirms hours and tasting room; mountainous setting is especially suitable for wine-country itineraries."", ""Parsed_Open_Time"": 0.3541666666666667, ""Parsed_Close_Time"": 0.7083333333333334, ""Time_Parse_Confidence"": ""MEDIUM"", ""Time_Parse_Note"": ""Parsed explicit range from text: 08:30 to 17:00. Seasonal/multiple-session details may still require recheck."", ""Time_Slot_Usable"": ""Yes""}"
PFO-A048,SODAP Kamanterena Winery,C09,Food & Wine,Winery / Wine Tasting,Draft,8,10,75,Stroumbi / Polemi,"{""Activity_ID"": ""PFO-A048"", ""Activity_Name"": ""SODAP Kamanterena Winery"", ""Category"": ""Food & Wine"", ""Subcategory"": ""Winery / Wine Tasting"", ""District"": ""Paphos"", ""Area"": ""Stroumbi / Polemi"", ""Full_Address_or_Access_Point"": ""Kamanterena Winery, between Stroumbi and Polemi, Paphos"", ""Website"": ""https://www.sodap.com.cy/"", ""Phone"": ""+357 26 633 000"", ""Opening_Days"": ""Visitor operating days/hours not clearly published on current official site"", ""Opening_Hours"": ""Confirm directly before itinerary use"", ""Typical_Duration_Min"": 75, ""Price_Range"": ""€€"", ""Booking_Required"": ""Yes"", ""Indoor_Outdoor_Both"": ""Both"", ""Summer_Suitable"": ""Yes"", ""Winter_Suitable"": ""Yes"", ""Rain_Suitable"": ""Yes"", ""Romantic_Score_1_10"": 8, ""Authentic_Cyprus_Score_1_10"": 10, ""Source_Primary"": ""https://www.sodap.com.cy/"", ""Source_Secondary"": ""https://www.visitpafos.org.cy/off-the-beaten-track/wineries/"", ""Last_Verified"": 46259, ""Data_Status"": ""Draft"", ""Source_Sheet"": ""Wineries"", ""Source_Record_ID"": ""MASTER:PFO-A048"", ""Notes"": ""Official SODAP site confirms Kamanterena winery location/history and visitor invitation, but current visitor hours require direct confirmation."", ""Time_Parse_Confidence"": ""LOW"", ""Time_Parse_Note"": ""Operator confirmation/booking required; no safe automatic time window."", ""Time_Slot_Usable"": ""No""}"
PFO-A049,Aphrodite Nature Trail,C05,Nature & Adventure,Hiking / Nature,Verified,9,,210,Akamas,"{""Activity_ID"": ""PFO-A049"", ""Activity_Name"": ""Aphrodite Nature Trail"", ""Category"": ""Nature & Adventure"", ""Subcategory"": ""Hiking / Nature"", ""District"": ""Paphos"", ""Area"": ""Akamas"", ""Full_Address_or_Access_Point"": ""Starting point: Baths of Aphrodite"", ""Website"": ""https://www.visitcyprus.com/wp-content/uploads/2026/03/Hiking-Map-Nature-Trails.pdf"", ""Typical_Duration_Min"": 210, ""Summer_Suitable"": ""Yes"", ""Winter_Suitable"": ""Yes"", ""Rain_Suitable"": ""No"", ""Heatwave_Suitable"": ""No"", ""Sunset_Suitable"": ""No"", ""Romantic_Score_1_10"": 9, ""Best_Time_of_Day"": ""Morning"", ""Accessibility_or_Access_Notes"": ""7.5 km; difficulty 3; appropriate footwear/fitness required"", ""Source_Primary"": ""https://www.visitcyprus.com/wp-content/uploads/2026/03/Hiking-Map-Nature-Trails.pdf"", ""Source_Secondary"": ""https://www.visitcyprus.com/wp-content/uploads/files/cultural_routes/Aphrodites_Cultural_Route_brochure_EN.pdf"", ""Last_Verified"": ""2026-08-25"", ""Data_Status"": ""Verified"", ""Source_Sheet"": ""Viewpoints_Nature"", ""Source_Record_ID"": ""MASTER:PFO-A049"", ""Notes"": ""Use only for active/adventure couples."", ""Time_Parse_Confidence"": ""LOW"", ""Time_Parse_Note"": ""No parsable operating window."", ""Time_Slot_Usable"": ""No""}"
PFO-A050,Smigies Nature Trail – Short Route,C05,Nature & Adventure,Hiking / Nature,Verified,8,,60,Akamas,"{""Activity_ID"": ""PFO-A050"", ""Activity_Name"": ""Smigies Nature Trail – Short Route"", ""Category"": ""Nature & Adventure"", ""Subcategory"": ""Hiking / Nature"", ""District"": ""Paphos"", ""Area"": ""Akamas"", ""Full_Address_or_Access_Point"": ""Smigies picnic site, 2.5 km from Neo Chorio"", ""Website"": ""https://www.visitcyprus.com/wp-content/uploads/2026/03/Hiking-Map-Nature-Trails.pdf"", ""Typical_Duration_Min"": 60, ""Summer_Suitable"": ""Yes"", ""Winter_Suitable"": ""Yes"", ""Rain_Suitable"": ""No"", ""Heatwave_Suitable"": ""No"", ""Sunset_Suitable"": ""Yes"", ""Romantic_Score_1_10"": 8, ""Best_Time_of_Day"": ""Morning / late afternoon"", ""Accessibility_or_Access_Notes"": ""2.5 km short route; difficulty 2"", ""Source_Primary"": ""https://www.visitcyprus.com/wp-content/uploads/2026/03/Hiking-Map-Nature-Trails.pdf"", ""Last_Verified"": ""2026-08-25"", ""Data_Status"": ""Verified"", ""Source_Sheet"": ""Viewpoints_Nature"", ""Source_Record_ID"": ""MASTER:PFO-A050"", ""Notes"": ""Compact scenic option."", ""Time_Parse_Confidence"": ""LOW"", ""Time_Parse_Note"": ""No parsable operating window."", ""Time_Slot_Usable"": ""No""}"
PFO-A051,Anadiou Forest Seasonal Streams & Small Waterfalls,C12,Nature & Adventure,Seasonal Streams / Small Waterfalls,Draft,7,10,90,Anadiou,"{""Activity_ID"": ""PFO-A051"", ""Activity_Name"": ""Anadiou Forest Seasonal Streams & Small Waterfalls"", ""Category"": ""Nature & Adventure"", ""Subcategory"": ""Seasonal Streams / Small Waterfalls"", ""District"": ""Paphos"", ""Area"": ""Anadiou"", ""Full_Address_or_Access_Point"": ""Forest area around Anadiou village, Paphos"", ""Website"": ""https://www.visitpafos.org.cy/the-real-thing/rural-pafos/?lang=el"", ""Opening_Days"": ""Seasonal/natural; precise individual waterfall sites are not named by ETAP"", ""Opening_Hours"": ""Daylight"", ""Typical_Duration_Min"": 90, ""Price_Range"": ""Free"", ""Booking_Required"": ""No"", ""Indoor_Outdoor_Both"": ""Outdoor"", ""Summer_Suitable"": ""Conditional"", ""Winter_Suitable"": ""Yes"", ""Rain_Suitable"": ""No"", ""Heatwave_Suitable"": ""No"", ""Sunset_Suitable"": ""No"", ""Romantic_Score_1_10"": 7, ""Authentic_Cyprus_Score_1_10"": 10, ""Couple_Style"": ""Adventure / Nature"", ""Best_Time_of_Day"": ""Morning"", ""Weather_Sensitivity"": ""Remote forest-edge setting; exact route/access must be verified"", ""Accessibility_or_Access_Notes"": ""Do not route users to an unnamed waterfall without geocoding/field verification"", ""Source_Primary"": ""https://www.visitpafos.org.cy/the-real-thing/rural-pafos/?lang=el"", ""Last_Verified"": 46259, ""Data_Status"": ""Draft"", ""Source_Sheet"": ""Water_Features"", ""Source_Record_ID"": ""MASTER:PFO-A051"", ""Notes"": ""Official ETAP village description confirms beautiful rivers and small waterfalls in Anadiou's forest, but does not identify precise individual sites. Keep Draft for itinerary use."", ""Time_Parse_Confidence"": ""LOW"", ""Time_Parse_Note"": ""No explicit clock range; daylight/open-landmark logic only."", ""Time_Slot_Usable"": ""No""}"
PFO-A052,Ezousa Circular Nature Trail,C08,Nature & Adventure,Hiking,Verified,8,10,180,Episkopi / Ezousa Valley,"{""Activity_ID"": ""PFO-A052"", ""Activity_Name"": ""Ezousa Circular Nature Trail"", ""Category"": ""Nature & Adventure"", ""Subcategory"": ""Hiking"", ""District"": ""Paphos"", ""Area"": ""Episkopi / Ezousa Valley"", ""Full_Address_or_Access_Point"": ""Start: Environmental Information Centre of Episkopi"", ""Latitude"": 34.791653, ""Longitude"": 32.523179, ""Website"": ""https://www.visitpafos.org.cy/?page_id=7840"", ""Opening_Days"": ""Year-round subject to conditions"", ""Opening_Hours"": ""Approx. 3 hours; 7.6 km"", ""Typical_Duration_Min"": 180, ""Price_Range"": ""Free"", ""Booking_Required"": ""No"", ""Indoor_Outdoor_Both"": ""Outdoor"", ""Summer_Suitable"": ""Yes"", ""Winter_Suitable"": ""Yes"", ""Rain_Suitable"": ""No"", ""Heatwave_Suitable"": ""No"", ""Sunset_Suitable"": ""No"", ""Romantic_Score_1_10"": 8, ""Authentic_Cyprus_Score_1_10"": 10, ""Couple_Style"": ""Adventure"", ""Best_Time_of_Day"": ""Morning"", ""Weather_Sensitivity"": ""Heat/rain sensitive"", ""Accessibility_or_Access_Notes"": ""Difficulty 2; downhill/uphill sections"", ""Source_Primary"": ""https://www.visitpafos.org.cy/?page_id=7840"", ""Source_Secondary"": ""https://www.visitpafos.org.cy/active-pafos/hiking/"", ""Last_Verified"": 46259, ""Data_Status"": ""Verified"", ""Source_Sheet"": ""New Research"", ""Source_Record_ID"": ""MASTER:PFO-A052"", ""Notes"": ""Excellent inland trail with valley, forest and Troodos views."", ""Time_Parse_Confidence"": ""LOW"", ""Time_Parse_Note"": ""No parsable operating window."", ""Time_Slot_Usable"": ""No""}"
PFO-A053,Hasamboulia Rock Formations,C11,Nature & Adventure,Rock Formations / Climbing,Verified,8,9,60,Kidasi / Mamonia,"{""Activity_ID"": ""PFO-A053"", ""Activity_Name"": ""Hasamboulia Rock Formations"", ""Category"": ""Nature & Adventure"", ""Subcategory"": ""Rock Formations / Climbing"", ""District"": ""Paphos"", ""Area"": ""Kidasi / Mamonia"", ""Full_Address_or_Access_Point"": ""Between Kidasi and Mamonia villages, Paphos"", ""Website"": ""https://www.visitpafos.org.cy/?page_id=8513"", ""Opening_Days"": ""Open landscape; climbing requires appropriate expertise"", ""Opening_Hours"": ""Daylight"", ""Typical_Duration_Min"": 60, ""Price_Range"": ""Free"", ""Booking_Required"": ""No"", ""Indoor_Outdoor_Both"": ""Outdoor"", ""Summer_Suitable"": ""Yes"", ""Winter_Suitable"": ""Yes"", ""Rain_Suitable"": ""No"", ""Heatwave_Suitable"": ""No"", ""Sunset_Suitable"": ""Yes"", ""Romantic_Score_1_10"": 8, ""Authentic_Cyprus_Score_1_10"": 9, ""Couple_Style"": ""Adventure"", ""Best_Time_of_Day"": ""Morning / late afternoon"", ""Accessibility_or_Access_Notes"": ""Prominent climbing formations; safety-critical for actual climbing"", ""Source_Primary"": ""https://www.visitpafos.org.cy/?page_id=8513"", ""Source_Secondary"": ""https://www.visitpafos.org.cy/active-pafos/climbing-and-mountaineering/"", ""Last_Verified"": 46259, ""Data_Status"": ""Verified"", ""Source_Sheet"": ""New Research"", ""Source_Record_ID"": ""MASTER:PFO-A053"", ""Notes"": ""Use as scenic stop for general users; climbing only for experienced/appropriately guided visitors."", ""Time_Parse_Confidence"": ""LOW"", ""Time_Parse_Note"": ""No explicit clock range; daylight/open-landmark logic only."", ""Time_Slot_Usable"": ""No""}"
PFO-A054,Vouni Panagias Nature Trail,C09,Nature & Adventure,Hiking / Vineyards,Verified,9,10,180,Pano Panagia,"{""Activity_ID"": ""PFO-A054"", ""Activity_Name"": ""Vouni Panagias Nature Trail"", ""Category"": ""Nature & Adventure"", ""Subcategory"": ""Hiking / Vineyards"", ""District"": ""Paphos"", ""Area"": ""Pano Panagia"", ""Full_Address_or_Access_Point"": ""Starts from Panagia village square"", ""Website"": ""https://www.visitcyprus.com/discover-cyprus/rural/villages-rural/panagia-village-2/"", ""Opening_Days"": ""Year-round subject to weather"", ""Opening_Hours"": ""Approx. 3 hours"", ""Typical_Duration_Min"": 180, ""Price_Range"": ""Free"", ""Booking_Required"": ""No"", ""Indoor_Outdoor_Both"": ""Outdoor"", ""Summer_Suitable"": ""Yes"", ""Winter_Suitable"": ""Yes"", ""Rain_Suitable"": ""No"", ""Heatwave_Suitable"": ""No"", ""Sunset_Suitable"": ""No"", ""Romantic_Score_1_10"": 9, ""Authentic_Cyprus_Score_1_10"": 10, ""Couple_Style"": ""Adventure"", ""Best_Time_of_Day"": ""Morning"", ""Weather_Sensitivity"": ""Heat/weather sensitive"", ""Accessibility_or_Access_Notes"": ""High-altitude trail through vineyards and forest landscapes"", ""Source_Primary"": ""https://www.visitcyprus.com/discover-cyprus/rural/villages-rural/panagia-village-2/"", ""Source_Secondary"": ""https://www.agrotourism.com.cy/panayia"", ""Last_Verified"": 46259, ""Data_Status"": ""Verified"", ""Source_Sheet"": ""New Research"", ""Source_Record_ID"": ""MASTER:PFO-A054"", ""Notes"": ""Excellent for active couples; not suitable as short relaxed Day-1 activity."", ""Time_Parse_Confidence"": ""LOW"", ""Time_Parse_Note"": ""No parsable operating window."", ""Time_Slot_Usable"": ""No""}"
PFO-A055,Avakas Gorge Nature Trail,C03,Nature & Adventure,Gorge / Hiking,Verified,9,10,90,Pegeia / Akamas,"{""Activity_ID"": ""PFO-A055"", ""Activity_Name"": ""Avakas Gorge Nature Trail"", ""Category"": ""Nature & Adventure"", ""Subcategory"": ""Gorge / Hiking"", ""District"": ""Paphos"", ""Area"": ""Pegeia / Akamas"", ""Full_Address_or_Access_Point"": ""Avakas Gorge, access from Agios Georgios Pegeias–Toxeftra road"", ""Latitude"": 34.920499, ""Longitude"": 32.337698, ""Website"": ""https://www.visitpafos.org.cy/points-of-interest/avakas-gorge/"", ""Opening_Days"": ""Year-round subject to weather; spring/autumn preferred"", ""Opening_Hours"": ""Daylight; avoid after heavy rain"", ""Typical_Duration_Min"": 90, ""Price_Range"": ""Free"", ""Booking_Required"": ""No"", ""Indoor_Outdoor_Both"": ""Outdoor"", ""Summer_Suitable"": ""Conditional"", ""Winter_Suitable"": ""Conditional"", ""Rain_Suitable"": ""No"", ""Heatwave_Suitable"": ""No"", ""Sunset_Suitable"": ""No"", ""Romantic_Score_1_10"": 9, ""Authentic_Cyprus_Score_1_10"": 10, ""Couple_Style"": ""Adventure"", ""Best_Time_of_Day"": ""Morning"", ""Weather_Sensitivity"": ""Sensitive to rain/heat"", ""Accessibility_or_Access_Notes"": ""Slippery stones and falling-rock risk; proper footwear recommended"", ""Source_Primary"": ""https://www.visitpafos.org.cy/points-of-interest/avakas-gorge/"", ""Source_Secondary"": ""https://www.visitpafos.org.cy/active-pafos/hiking/"", ""Last_Verified"": 46259, ""Data_Status"": ""Verified"", ""Source_Sheet"": ""New Research"", ""Source_Record_ID"": ""MASTER:PFO-A055"", ""Notes"": ""Signature Akamas nature experience; unsuitable for heatwave/rain itinerary."", ""Time_Parse_Confidence"": ""LOW"", ""Time_Parse_Note"": ""No explicit clock range; daylight/open-landmark logic only."", ""Time_Slot_Usable"": ""No""}"
PFO-A056,Mouti of Salamiou Nature Trail,C11,Nature & Adventure,Hiking / Cultural Route,Verified,8,10,120,Salamiou,"{""Activity_ID"": ""PFO-A056"", ""Activity_Name"": ""Mouti of Salamiou Nature Trail"", ""Category"": ""Nature & Adventure"", ""Subcategory"": ""Hiking / Cultural Route"", ""District"": ""Paphos"", ""Area"": ""Salamiou"", ""Full_Address_or_Access_Point"": ""Salamiou village, Paphos"", ""Website"": ""https://www.visitpafos.org.cy/?page_id=8513"", ""Opening_Days"": ""Year-round subject to weather"", ""Opening_Hours"": ""Daylight"", ""Typical_Duration_Min"": 120, ""Price_Range"": ""Free"", ""Booking_Required"": ""No"", ""Indoor_Outdoor_Both"": ""Outdoor"", ""Summer_Suitable"": ""Yes"", ""Winter_Suitable"": ""Yes"", ""Rain_Suitable"": ""No"", ""Heatwave_Suitable"": ""No"", ""Sunset_Suitable"": ""No"", ""Romantic_Score_1_10"": 8, ""Authentic_Cyprus_Score_1_10"": 10, ""Couple_Style"": ""Nature"", ""Best_Time_of_Day"": ""Morning"", ""Accessibility_or_Access_Notes"": ""Historic route associated with Apostles Paul, Barnabas and Mark"", ""Source_Primary"": ""https://www.visitpafos.org.cy/?page_id=8513"", ""Source_Secondary"": ""https://www.visitpafos.org.cy/off-the-beaten-track/nature/"", ""Last_Verified"": 46259, ""Data_Status"": ""Verified"", ""Source_Sheet"": ""New Research"", ""Source_Record_ID"": ""MASTER:PFO-A056"", ""Notes"": ""Good hiking + heritage combination in the Diarizos/Vouni Panagias zone."", ""Time_Parse_Confidence"": ""LOW"", ""Time_Parse_Note"": ""No explicit clock range; daylight/open-landmark logic only."", ""Time_Slot_Usable"": ""No""}"
PFO-A057,Agios Georgios Pegeia Sunset,C03,Nature & Views,Sunset / Coastal Viewpoint,Verified,10,,60,Agios Georgios Pegeia,"{""Activity_ID"": ""PFO-A057"", ""Activity_Name"": ""Agios Georgios Pegeia Sunset"", ""Category"": ""Nature & Views"", ""Subcategory"": ""Sunset / Coastal Viewpoint"", ""District"": ""Paphos"", ""Area"": ""Agios Georgios Pegeia"", ""Full_Address_or_Access_Point"": ""Agios Georgios coastal area, Pegeia, Paphos"", ""Website"": ""https://www.visitpafos.org.cy/highlights/"", ""Typical_Duration_Min"": 60, ""Summer_Suitable"": ""Yes"", ""Winter_Suitable"": ""Yes"", ""Rain_Suitable"": ""No"", ""Heatwave_Suitable"": ""Conditional"", ""Sunset_Suitable"": ""Yes"", ""Romantic_Score_1_10"": 10, ""Best_Time_of_Day"": ""Sunset"", ""Accessibility_or_Access_Notes"": ""Best combined with the fishing harbour/Sea Caves area; exact parking point to be refined."", ""Source_Primary"": ""https://www.visitpafos.org.cy/highlights/"", ""Source_Secondary"": ""https://www.visitpafos.org.cy/relax-revive-adventure/snorkeling-park/?lang=el"", ""Last_Verified"": 46259, ""Data_Status"": ""Verified"", ""Source_Sheet"": ""Viewpoints_Nature"", ""Source_Record_ID"": ""MASTER:PFO-A057"", ""Notes"": ""High-priority romantic sunset point for Cap St Georges / Pegeia itineraries."", ""Time_Parse_Confidence"": ""LOW"", ""Time_Parse_Note"": ""No parsable operating window."", ""Time_Slot_Usable"": ""No""}"
PFO-A058,Fontana Amorosa,C05,Nature & Views,Mythology / Remote Bay,Verified,10,10,90,Akamas,"{""Activity_ID"": ""PFO-A058"", ""Activity_Name"": ""Fontana Amorosa"", ""Category"": ""Nature & Views"", ""Subcategory"": ""Mythology / Remote Bay"", ""District"": ""Paphos"", ""Area"": ""Akamas"", ""Full_Address_or_Access_Point"": ""Fontana Amorosa, Akamas Peninsula"", ""Website"": ""https://www.visitpafos.org.cy/off-the-beaten-track/nature/"", ""Opening_Days"": ""Remote natural site; marine/land access subject to conditions"", ""Opening_Hours"": ""Daylight"", ""Typical_Duration_Min"": 90, ""Price_Range"": ""Free"", ""Booking_Required"": ""No"", ""Indoor_Outdoor_Both"": ""Outdoor"", ""Summer_Suitable"": ""Yes"", ""Winter_Suitable"": ""Yes"", ""Rain_Suitable"": ""No"", ""Heatwave_Suitable"": ""Conditional"", ""Sunset_Suitable"": ""Yes"", ""Romantic_Score_1_10"": 10, ""Authentic_Cyprus_Score_1_10"": 10, ""Couple_Style"": ""Nature"", ""Best_Time_of_Day"": ""Morning / afternoon"", ""Weather_Sensitivity"": ""Remote access and sea/weather conditions"", ""Accessibility_or_Access_Notes"": ""Not easily accessible by land; boat access often preferable"", ""Source_Primary"": ""https://www.visitpafos.org.cy/off-the-beaten-track/nature/"", ""Source_Secondary"": ""https://www.visitpafos.org.cy/off-the-beatentrack/akamas-peninsula/?lang=ru"", ""Last_Verified"": 46259, ""Data_Status"": ""Verified"", ""Source_Sheet"": ""New Research"", ""Source_Record_ID"": ""MASTER:PFO-A058"", ""Notes"": ""Highly romantic myth-linked bay; excellent Blue Lagoon/Akamas itinerary element."", ""Time_Parse_Confidence"": ""LOW"", ""Time_Parse_Note"": ""No explicit clock range; daylight/open-landmark logic only."", ""Time_Slot_Usable"": ""No""}"
PFO-A059,Lara Bay & Turtle Coast,C05,Nature & Views,Wild Beach / Wildlife,Verified,9,10,90,Akamas,"{""Activity_ID"": ""PFO-A059"", ""Activity_Name"": ""Lara Bay & Turtle Coast"", ""Category"": ""Nature & Views"", ""Subcategory"": ""Wild Beach / Wildlife"", ""District"": ""Paphos"", ""Area"": ""Akamas"", ""Full_Address_or_Access_Point"": ""Lara Bay, Akamas Peninsula"", ""Website"": ""https://www.visitpafos.org.cy/highlights/"", ""Opening_Days"": ""Natural protected area; seasonal turtle-management restrictions apply"", ""Opening_Hours"": ""Daylight"", ""Typical_Duration_Min"": 90, ""Price_Range"": ""Free"", ""Booking_Required"": ""No"", ""Indoor_Outdoor_Both"": ""Outdoor"", ""Summer_Suitable"": ""Yes"", ""Winter_Suitable"": ""Yes"", ""Rain_Suitable"": ""No"", ""Heatwave_Suitable"": ""No"", ""Sunset_Suitable"": ""Yes"", ""Romantic_Score_1_10"": 9, ""Authentic_Cyprus_Score_1_10"": 10, ""Couple_Style"": ""Nature"", ""Best_Time_of_Day"": ""Morning / late afternoon"", ""Weather_Sensitivity"": ""Heat and remote access"", ""Accessibility_or_Access_Notes"": ""Respect turtle nesting protection rules; avoid disturbance"", ""Source_Primary"": ""https://www.visitpafos.org.cy/highlights/"", ""Source_Secondary"": ""https://www.visitpafos.org.cy/off-the-beatentrack/akamas-peninsula/?lang=ru"", ""Last_Verified"": 46259, ""Data_Status"": ""Verified"", ""Source_Sheet"": ""New Research"", ""Source_Record_ID"": ""MASTER:PFO-A059"", ""Notes"": ""Wild coastal landscape; use conservation-sensitive wording in app."", ""Time_Parse_Confidence"": ""LOW"", ""Time_Parse_Note"": ""No explicit clock range; daylight/open-landmark logic only."", ""Time_Slot_Usable"": ""No""}"
PFO-A060,Pissouromoutti Nature Trail,C05,Nature & Views,Hiking / Viewpoint,Verified,9,,120,Akamas,"{""Activity_ID"": ""PFO-A060"", ""Activity_Name"": ""Pissouromoutti Nature Trail"", ""Category"": ""Nature & Views"", ""Subcategory"": ""Hiking / Viewpoint"", ""District"": ""Paphos"", ""Area"": ""Akamas"", ""Full_Address_or_Access_Point"": ""Starting point: Smigies picnic site"", ""Website"": ""https://www.visitcyprus.com/wp-content/uploads/2026/03/Hiking-Map-Nature-Trails.pdf"", ""Typical_Duration_Min"": 120, ""Summer_Suitable"": ""Yes"", ""Winter_Suitable"": ""Yes"", ""Rain_Suitable"": ""No"", ""Heatwave_Suitable"": ""No"", ""Sunset_Suitable"": ""Yes"", ""Romantic_Score_1_10"": 9, ""Best_Time_of_Day"": ""Morning / late afternoon"", ""Accessibility_or_Access_Notes"": ""3 km; difficulty 2; panoramic coastal views"", ""Source_Primary"": ""https://www.visitcyprus.com/wp-content/uploads/2026/03/Hiking-Map-Nature-Trails.pdf"", ""Last_Verified"": ""2026-08-25"", ""Data_Status"": ""Verified"", ""Source_Sheet"": ""Viewpoints_Nature"", ""Source_Record_ID"": ""MASTER:PFO-A060"", ""Notes"": ""Panoramic views; avoid hot midday hours."", ""Time_Parse_Confidence"": ""LOW"", ""Time_Parse_Note"": ""No parsable operating window."", ""Time_Slot_Usable"": ""No""}"
PFO-A061,Baths of Aphrodite,C05,Nature & Views,Natural Spring / Mythological Grotto,Verified,10,,45,Akamas / Neo Chorio,"{""Activity_ID"": ""PFO-A061"", ""Activity_Name"": ""Baths of Aphrodite"", ""Category"": ""Nature & Views"", ""Subcategory"": ""Natural Spring / Mythological Grotto"", ""District"": ""Paphos"", ""Area"": ""Akamas / Neo Chorio"", ""Full_Address_or_Access_Point"": ""Baths of Aphrodite, Akamas Peninsula"", ""Latitude"": 35.056078, ""Longitude"": 32.346242, ""Website"": ""https://www.visitcyprus.com/discover-cyprus/culture/sites-and-monuments/baths-of-aphrodite/"", ""Typical_Duration_Min"": 45, ""Summer_Suitable"": ""Yes"", ""Winter_Suitable"": ""Yes"", ""Rain_Suitable"": ""No"", ""Heatwave_Suitable"": ""Conditional"", ""Sunset_Suitable"": ""No"", ""Romantic_Score_1_10"": 10, ""Best_Time_of_Day"": ""Morning / late afternoon"", ""Accessibility_or_Access_Notes"": ""Short natural-site visit; botanical garden nearby"", ""Source_Primary"": ""https://www.visitcyprus.com/discover-cyprus/culture/sites-and-monuments/baths-of-aphrodite/"", ""Source_Secondary"": ""https://www.visitcyprus.com/wp-content/uploads/2026/03/Hiking-Map-Nature-Trails.pdf"", ""Last_Verified"": ""2026-08-25"", ""Data_Status"": ""Verified"", ""Source_Sheet"": ""Viewpoints_Nature"", ""Source_Record_ID"": ""MASTER:PFO-A061"", ""Notes"": ""Natural grotto fed by spring water; not a waterfall and not a swimming attraction. Official Visit Cyprus GPS 35.056078, 32.346242."", ""Time_Parse_Confidence"": ""LOW"", ""Time_Parse_Note"": ""No parsable operating window."", ""Time_Slot_Usable"": ""No""}"
PFO-A062,Argaka Coastal & Rural Walk,C06,Nature & Views,Coastal Village / Rural Landscape,Verified,9,9,75,Argaka,"{""Activity_ID"": ""PFO-A062"", ""Activity_Name"": ""Argaka Coastal & Rural Walk"", ""Category"": ""Nature & Views"", ""Subcategory"": ""Coastal Village / Rural Landscape"", ""District"": ""Paphos"", ""Area"": ""Argaka"", ""Full_Address_or_Access_Point"": ""Argaka village and Chrysochous Bay coast, Paphos"", ""Website"": ""https://www.visitpafos.org.cy/?page_id=8513"", ""Opening_Days"": ""Year-round"", ""Opening_Hours"": ""Daylight / sunset"", ""Typical_Duration_Min"": 75, ""Price_Range"": ""Free"", ""Booking_Required"": ""No"", ""Indoor_Outdoor_Both"": ""Outdoor"", ""Summer_Suitable"": ""Yes"", ""Winter_Suitable"": ""Yes"", ""Rain_Suitable"": ""Conditional"", ""Heatwave_Suitable"": ""Conditional"", ""Sunset_Suitable"": ""Yes"", ""Romantic_Score_1_10"": 9, ""Authentic_Cyprus_Score_1_10"": 9, ""Couple_Style"": ""Relaxed"", ""Best_Time_of_Day"": ""Late afternoon / sunset"", ""Accessibility_or_Access_Notes"": ""Combination of mountain backdrop, beaches and fruit-growing countryside"", ""Source_Primary"": ""https://www.visitpafos.org.cy/?page_id=8513"", ""Source_Secondary"": ""https://www.visitpafos.org.cy/?page_id=7815"", ""Last_Verified"": 46259, ""Data_Status"": ""Verified"", ""Source_Sheet"": ""New Research"", ""Source_Record_ID"": ""MASTER:PFO-A062"", ""Notes"": ""Strong option for quieter Polis/Argaka itineraries."", ""Time_Parse_Confidence"": ""LOW"", ""Time_Parse_Note"": ""No explicit clock range; daylight/open-landmark logic only."", ""Time_Slot_Usable"": ""No""}"
PFO-A063,Chloraka Coastal Sunset,C01,Nature & Views,Sunset / Coastal Viewpoint,Verified,10,,45,Chloraka,"{""Activity_ID"": ""PFO-A063"", ""Activity_Name"": ""Chloraka Coastal Sunset"", ""Category"": ""Nature & Views"", ""Subcategory"": ""Sunset / Coastal Viewpoint"", ""District"": ""Paphos"", ""Area"": ""Chloraka"", ""Full_Address_or_Access_Point"": ""Chloraka coastal area, Paphos"", ""Website"": ""https://www.visitpafos.org.cy/highlights/"", ""Typical_Duration_Min"": 45, ""Summer_Suitable"": ""Yes"", ""Winter_Suitable"": ""Yes"", ""Rain_Suitable"": ""No"", ""Heatwave_Suitable"": ""Conditional"", ""Sunset_Suitable"": ""Yes"", ""Romantic_Score_1_10"": 10, ""Best_Time_of_Day"": ""Sunset"", ""Accessibility_or_Access_Notes"": ""Chloraka is elevated in parts and faces the Mediterranean; exact public viewing point should be geocoded in the next mapping pass."", ""Source_Primary"": ""https://www.visitpafos.org.cy/highlights/"", ""Source_Secondary"": ""https://www.visitpafos.org.cy/the-real-thing/rural-pafos/?lang=el"", ""Last_Verified"": 46259, ""Data_Status"": ""Verified"", ""Source_Sheet"": ""Viewpoints_Nature"", ""Source_Record_ID"": ""MASTER:PFO-A063"", ""Notes"": ""ETAP highlights Chloraka sunset; useful for Azia/Chloraka-area hotel itineraries."", ""Time_Parse_Confidence"": ""LOW"", ""Time_Parse_Note"": ""No parsable operating window."", ""Time_Slot_Usable"": ""No""}"
PFO-A064,Coral Bay Sunset View,C03,Nature & Views,Sunset / Coastal Viewpoint,Verified,10,,45,Coral Bay,"{""Activity_ID"": ""PFO-A064"", ""Activity_Name"": ""Coral Bay Sunset View"", ""Category"": ""Nature & Views"", ""Subcategory"": ""Sunset / Coastal Viewpoint"", ""District"": ""Paphos"", ""Area"": ""Coral Bay"", ""Full_Address_or_Access_Point"": ""Coral Bay coastal area, Pegeia, Paphos"", ""Website"": ""https://www.visitpafos.org.cy/highlights/"", ""Typical_Duration_Min"": 45, ""Summer_Suitable"": ""Yes"", ""Winter_Suitable"": ""Yes"", ""Rain_Suitable"": ""No"", ""Heatwave_Suitable"": ""Conditional"", ""Sunset_Suitable"": ""Yes"", ""Romantic_Score_1_10"": 10, ""Best_Time_of_Day"": ""Sunset"", ""Accessibility_or_Access_Notes"": ""Use organised/public coastal access; exact preferred viewing point can be refined later."", ""Source_Primary"": ""https://www.visitpafos.org.cy/highlights/"", ""Source_Secondary"": ""https://www.visitcyprus.com/discover-cyprus/sun-sea/beaches/coral-bay-beach-blue-flag/"", ""Last_Verified"": 46259, ""Data_Status"": ""Verified"", ""Source_Sheet"": ""Viewpoints_Nature"", ""Source_Record_ID"": ""MASTER:PFO-A064"", ""Notes"": ""Visit Pafos explicitly promotes Coral Bay as a magnificent sunset location."", ""Time_Parse_Confidence"": ""LOW"", ""Time_Parse_Note"": ""No parsable operating window."", ""Time_Slot_Usable"": ""No""}"
PFO-A065,Episkopi Rock Viewpoint,C08,Nature & Views,Monolith / Viewpoint,Verified,9,9,45,Episkopi,"{""Activity_ID"": ""PFO-A065"", ""Activity_Name"": ""Episkopi Rock Viewpoint"", ""Category"": ""Nature & Views"", ""Subcategory"": ""Monolith / Viewpoint"", ""District"": ""Paphos"", ""Area"": ""Episkopi"", ""Full_Address_or_Access_Point"": ""Episkopi village, Ezousa Valley"", ""Website"": ""https://www.visitpafos.org.cy/?page_id=8513"", ""Opening_Days"": ""Open natural/village site"", ""Opening_Hours"": ""Daylight"", ""Typical_Duration_Min"": 45, ""Price_Range"": ""Free"", ""Booking_Required"": ""No"", ""Indoor_Outdoor_Both"": ""Outdoor"", ""Summer_Suitable"": ""Yes"", ""Winter_Suitable"": ""Yes"", ""Rain_Suitable"": ""Conditional"", ""Heatwave_Suitable"": ""Conditional"", ""Sunset_Suitable"": ""Yes"", ""Romantic_Score_1_10"": 9, ""Authentic_Cyprus_Score_1_10"": 9, ""Couple_Style"": ""Nature"", ""Best_Time_of_Day"": ""Morning / sunset"", ""Weather_Sensitivity"": ""Heat and exposed rock terrain"", ""Accessibility_or_Access_Notes"": ""Village access; viewpoint around Saint Ilarion rock area"", ""Source_Primary"": ""https://www.visitpafos.org.cy/?page_id=8513"", ""Source_Secondary"": ""https://www.visitpafos.org.cy/?page_id=7840"", ""Last_Verified"": 46259, ""Data_Status"": ""Verified"", ""Source_Sheet"": ""New Research"", ""Source_Record_ID"": ""MASTER:PFO-A065"", ""Notes"": ""Largest monolithic rock mass in Cyprus according to ETAP; expansive Ezousa Valley views."", ""Time_Parse_Confidence"": ""LOW"", ""Time_Parse_Note"": ""No explicit clock range; daylight/open-landmark logic only."", ""Time_Slot_Usable"": ""No""}"
PFO-A066,Gialia–Pomos Coastal Scenic Route,C06,Nature & Views,Scenic Drive / Coastal Villages,Verified,9,9,90,Gialia / Pomos,"{""Activity_ID"": ""PFO-A066"", ""Activity_Name"": ""Gialia–Pomos Coastal Scenic Route"", ""Category"": ""Nature & Views"", ""Subcategory"": ""Scenic Drive / Coastal Villages"", ""District"": ""Paphos"", ""Area"": ""Gialia / Pomos"", ""Full_Address_or_Access_Point"": ""Coastal road between Gialia and Pomos, Paphos"", ""Website"": ""https://www.visitpafos.org.cy/?page_id=7815"", ""Opening_Days"": ""Year-round; road/weather conditions normal"", ""Opening_Hours"": ""Daylight"", ""Typical_Duration_Min"": 90, ""Price_Range"": ""Free"", ""Booking_Required"": ""No"", ""Indoor_Outdoor_Both"": ""Outdoor"", ""Summer_Suitable"": ""Yes"", ""Winter_Suitable"": ""Yes"", ""Rain_Suitable"": ""Conditional"", ""Heatwave_Suitable"": ""Conditional"", ""Sunset_Suitable"": ""Yes"", ""Romantic_Score_1_10"": 9, ""Authentic_Cyprus_Score_1_10"": 9, ""Couple_Style"": ""Relaxed"", ""Best_Time_of_Day"": ""Late afternoon"", ""Accessibility_or_Access_Notes"": ""Multiple village/coastal parking opportunities"", ""Source_Primary"": ""https://www.visitpafos.org.cy/?page_id=7815"", ""Source_Secondary"": ""https://www.visitpafos.org.cy/?page_id=8513"", ""Last_Verified"": 46259, ""Data_Status"": ""Verified"", ""Source_Sheet"": ""New Research"", ""Source_Record_ID"": ""MASTER:PFO-A066"", ""Notes"": ""Useful scenic routing product covering the far northwest of the district."", ""Time_Parse_Confidence"": ""LOW"", ""Time_Parse_Note"": ""No explicit clock range; daylight/open-landmark logic only."", ""Time_Slot_Usable"": ""No""}"
PFO-A067,Pafos Harbour & Molos Sunset Walk,C01,Nature & Views,Sunset / Waterfront Walk,Verified,9,,60,Kato Paphos,"{""Activity_ID"": ""PFO-A067"", ""Activity_Name"": ""Pafos Harbour & Molos Sunset Walk"", ""Category"": ""Nature & Views"", ""Subcategory"": ""Sunset / Waterfront Walk"", ""District"": ""Paphos"", ""Area"": ""Kato Paphos"", ""Full_Address_or_Access_Point"": ""Pafos Harbour and Molos, Kato Paphos"", ""Website"": ""https://www.visitpafos.org.cy/highlights/"", ""Typical_Duration_Min"": 60, ""Summer_Suitable"": ""Yes"", ""Winter_Suitable"": ""Yes"", ""Rain_Suitable"": ""Conditional"", ""Heatwave_Suitable"": ""Conditional"", ""Sunset_Suitable"": ""Yes"", ""Romantic_Score_1_10"": 9, ""Best_Time_of_Day"": ""Late afternoon / sunset"", ""Accessibility_or_Access_Notes"": ""Flat waterfront walk; suitable for combining with dinner or drinks in Kato Paphos."", ""Source_Primary"": ""https://www.visitpafos.org.cy/highlights/"", ""Source_Secondary"": ""https://www.visitpafos.org.cy/relax-revive-adventure/old-town-pafos/"", ""Last_Verified"": 46259, ""Data_Status"": ""Verified"", ""Source_Sheet"": ""Viewpoints_Nature"", ""Source_Record_ID"": ""MASTER:PFO-A067"", ""Notes"": ""ETAP features both the harbour and Molos among its sunset highlights."", ""Time_Parse_Confidence"": ""LOW"", ""Time_Parse_Note"": ""No parsable operating window."", ""Time_Slot_Usable"": ""No""}"
PFO-A068,Kissonerga Sunset Coast,C03,Nature & Views,Sunset / Coastal Viewpoint,Verified,9,,45,Kissonerga,"{""Activity_ID"": ""PFO-A068"", ""Activity_Name"": ""Kissonerga Sunset Coast"", ""Category"": ""Nature & Views"", ""Subcategory"": ""Sunset / Coastal Viewpoint"", ""District"": ""Paphos"", ""Area"": ""Kissonerga"", ""Full_Address_or_Access_Point"": ""Kissonerga coastal area, Paphos"", ""Website"": ""https://www.visitpafos.org.cy/highlights/"", ""Typical_Duration_Min"": 45, ""Summer_Suitable"": ""Yes"", ""Winter_Suitable"": ""Yes"", ""Rain_Suitable"": ""No"", ""Heatwave_Suitable"": ""Conditional"", ""Sunset_Suitable"": ""Yes"", ""Romantic_Score_1_10"": 9, ""Best_Time_of_Day"": ""Sunset"", ""Accessibility_or_Access_Notes"": ""Exact public viewpoint and parking to be mapped later."", ""Source_Primary"": ""https://www.visitpafos.org.cy/highlights/"", ""Source_Secondary"": ""https://www.visitpafos.org.cy/the-real-thing/rural-pafos/?lang=el"", ""Last_Verified"": 46259, ""Data_Status"": ""Verified"", ""Source_Sheet"": ""Viewpoints_Nature"", ""Source_Record_ID"": ""MASTER:PFO-A068"", ""Notes"": ""ETAP explicitly includes Kissonerga among Pafos sunset highlights."", ""Time_Parse_Confidence"": ""LOW"", ""Time_Parse_Note"": ""No parsable operating window."", ""Time_Slot_Usable"": ""No""}"
PFO-A069,Adonis Baths Waterfalls Theme Park,C08,Nature & Views,Private Waterfall / Natural Pool / Theme Park,Needs Recheck,9,7,90,Koili,"{""Activity_ID"": ""PFO-A069"", ""Activity_Name"": ""Adonis Baths Waterfalls Theme Park"", ""Category"": ""Nature & Views"", ""Subcategory"": ""Private Waterfall / Natural Pool / Theme Park"", ""District"": ""Paphos"", ""Area"": ""Koili"", ""Full_Address_or_Access_Point"": ""Adonis Baths Waterfalls, northwest of Koili village, Paphos"", ""Latitude"": 34.87132, ""Longitude"": 32.43575, ""Website"": ""https://adonisbathswaterfalls.com/"", ""Phone"": ""+357 96 321335"", ""Opening_Days"": ""Open daily, all year"", ""Opening_Hours"": ""Official website contains conflicting seasonal and 09:00–20:00 hour statements; verify on visit date"", ""Typical_Duration_Min"": 90, ""Price_Range"": ""€€"", ""Booking_Required"": ""No"", ""Indoor_Outdoor_Both"": ""Outdoor"", ""Summer_Suitable"": ""Yes"", ""Winter_Suitable"": ""Yes"", ""Rain_Suitable"": ""No"", ""Heatwave_Suitable"": ""Conditional"", ""Sunset_Suitable"": ""Yes"", ""Romantic_Score_1_10"": 9, ""Authentic_Cyprus_Score_1_10"": 7, ""Couple_Style"": ""Relaxed / Adventure"", ""Best_Time_of_Day"": ""Morning / late afternoon"", ""Weather_Sensitivity"": ""Road/access and operating hours require confirmation"", ""Accessibility_or_Access_Notes"": ""Operator specifically warns not to rely on Google Maps; follow signs from Tala or Coral Bay. Swimming is promoted."", ""Source_Primary"": ""https://adonisbathswaterfalls.com/"", ""Source_Secondary"": ""https://adonisbathswaterfalls.com/contact/"", ""Last_Verified"": 46259, ""Data_Status"": ""Needs Recheck"", ""Source_Sheet"": ""Water_Features"", ""Source_Record_ID"": ""MASTER:PFO-A069"", ""Notes"": ""Private attraction, distinct from the historic Baths of Aphrodite. Two-level waterfalls, museum and watermill. Official operator promotes swimming; current exact hours should be confirmed because its own pages conflict."", ""Parsed_Open_Time"": 0.375, ""Parsed_Close_Time"": 0.8333333333333334, ""Time_Parse_Confidence"": ""MEDIUM"", ""Time_Parse_Note"": ""Parsed explicit range from text: 09:00 to 20:00. Seasonal/multiple-session details may still require recheck."", ""Time_Slot_Usable"": ""Yes""}"
PFO-A070,Petra tou Romiou – Aphrodite's Rock,C02,Nature & Views,Scenic Coast / Mythology,Verified,10,,45,Kouklia coast,"{""Activity_ID"": ""PFO-A070"", ""Activity_Name"": ""Petra tou Romiou – Aphrodite's Rock"", ""Category"": ""Nature & Views"", ""Subcategory"": ""Scenic Coast / Mythology"", ""District"": ""Paphos"", ""Area"": ""Kouklia coast"", ""Full_Address_or_Access_Point"": ""Petra tou Romiou, southwest coast of Paphos"", ""Website"": ""https://www.visitcyprus.com/el/el-anakalypste-ten-kypro/el-agrotikes-topothesies-el-places-to-go-el-anakalypste-ten-kypro/rural-sites-monuments-el/%CF%80%CE%AD%CF%84%CF%81%CE%B1-%CF%84%CE%BF%CF%85-%CF%81%CF%89%CE%BC%CE%B9%CE%BF%CF%8D-%CE%B3%CE%B5%CE%BD%CE%AD%CF%84%CE%B5%CE%B9%CF%81%CE%B1-%CF%84%CE%B7%CF%82-%CE%B1%CF%86%CF%81%CE%BF%CE%B4%CE%AF/"", ""Typical_Duration_Min"": 45, ""Summer_Suitable"": ""Yes"", ""Winter_Suitable"": ""Yes"", ""Rain_Suitable"": ""No"", ""Heatwave_Suitable"": ""Conditional"", ""Sunset_Suitable"": ""Yes"", ""Romantic_Score_1_10"": 10, ""Best_Time_of_Day"": ""Sunrise / sunset"", ""Accessibility_or_Access_Notes"": ""Rocky beach; sea conditions vary"", ""Source_Primary"": ""https://www.visitcyprus.com/el/el-anakalypste-ten-kypro/el-agrotikes-topothesies-el-places-to-go-el-anakalypste-ten-kypro/rural-sites-monuments-el/%CF%80%CE%AD%CF%84%CF%81%CE%B1-%CF%84%CE%BF%CF%85-%CF%81%CF%89%CE%BC%CE%B9%CE%BF%CF%8D-%CE%B3%CE%B5%CE%BD%CE%AD%CF%84%CE%B5%CE%B9%CF%81%CE%B1-%CF%84%CE%B7%CF%82-%CE%B1%CF%86%CF%81%CE%BF%CE%B4%CE%AF/"", ""Source_Secondary"": ""https://www.visitcyprus.com/wp-content/uploads/files/weddings/Wedding_Tourism_new.pdf"", ""Last_Verified"": ""2026-08-25"", ""Data_Status"": ""Verified"", ""Source_Sheet"": ""Viewpoints_Nature"", ""Source_Record_ID"": ""MASTER:PFO-A070"", ""Notes"": ""Signature romantic photo stop."", ""Time_Parse_Confidence"": ""LOW"", ""Time_Parse_Note"": ""No parsable operating window."", ""Time_Slot_Usable"": ""No""}"
PFO-A071,Kefalovryso Water Spring – Kritou Terra,C04,Nature & Views,Historic Spring / Water Heritage,Verified,8,10,30,Kritou Terra,"{""Activity_ID"": ""PFO-A071"", ""Activity_Name"": ""Kefalovryso Water Spring – Kritou Terra"", ""Category"": ""Nature & Views"", ""Subcategory"": ""Historic Spring / Water Heritage"", ""District"": ""Paphos"", ""Area"": ""Kritou Terra"", ""Full_Address_or_Access_Point"": ""Village entrance, Kritou Terra, Paphos"", ""Website"": ""https://www.visitpafos.org.cy/points-of-interest/the-water-spring-19th-century/"", ""Opening_Days"": ""Open village heritage feature"", ""Opening_Hours"": ""Daylight"", ""Typical_Duration_Min"": 30, ""Price_Range"": ""Free"", ""Booking_Required"": ""No"", ""Indoor_Outdoor_Both"": ""Outdoor"", ""Summer_Suitable"": ""Yes"", ""Winter_Suitable"": ""Yes"", ""Rain_Suitable"": ""Conditional"", ""Heatwave_Suitable"": ""Yes"", ""Sunset_Suitable"": ""No"", ""Romantic_Score_1_10"": 8, ""Authentic_Cyprus_Score_1_10"": 10, ""Couple_Style"": ""Authentic Cyprus"", ""Best_Time_of_Day"": ""Daytime"", ""Weather_Sensitivity"": ""Easy village stop"", ""Accessibility_or_Access_Notes"": ""Stone-built spring with six flowing fountains; associated cave-tunnel exceeds 100 m"", ""Source_Primary"": ""https://www.visitpafos.org.cy/points-of-interest/the-water-spring-19th-century/"", ""Source_Secondary"": ""https://www.visitpafos.org.cy/?page_id=17807"", ""Last_Verified"": 46259, ""Data_Status"": ""Verified"", ""Source_Sheet"": ""Water_Features"", ""Source_Record_ID"": ""MASTER:PFO-A071"", ""Notes"": ""Built in 1908; a strong water-heritage stop to combine with Kremmiotis Waterfall and Kritou Terra village."", ""Time_Parse_Confidence"": ""LOW"", ""Time_Parse_Note"": ""No explicit clock range; daylight/open-landmark logic only."", ""Time_Slot_Usable"": ""No""}"
PFO-A072,Kremmiotis Waterfall,C04,Nature & Views,Waterfall / Natural Pool,Verified,10,10,75,Kritou Terra,"{""Activity_ID"": ""PFO-A072"", ""Activity_Name"": ""Kremmiotis Waterfall"", ""Category"": ""Nature & Views"", ""Subcategory"": ""Waterfall / Natural Pool"", ""District"": ""Paphos"", ""Area"": ""Kritou Terra"", ""Full_Address_or_Access_Point"": ""Kremmiotis River, northeast of Kritou Terra village"", ""Website"": ""https://www.visitpafos.org.cy/points-of-interest/kremmioti-waterfall/"", ""Opening_Days"": ""Natural site; access/weather conditions should be checked"", ""Opening_Hours"": ""Daylight"", ""Typical_Duration_Min"": 75, ""Price_Range"": ""Free"", ""Booking_Required"": ""No"", ""Indoor_Outdoor_Both"": ""Outdoor"", ""Summer_Suitable"": ""Yes"", ""Winter_Suitable"": ""Yes"", ""Rain_Suitable"": ""No"", ""Heatwave_Suitable"": ""Conditional"", ""Sunset_Suitable"": ""Yes"", ""Romantic_Score_1_10"": 10, ""Authentic_Cyprus_Score_1_10"": 10, ""Couple_Style"": ""Nature"", ""Best_Time_of_Day"": ""Morning / late afternoon"", ""Weather_Sensitivity"": ""Seasonal flow/access can vary"", ""Accessibility_or_Access_Notes"": ""Access to the large waterfall was opened by the community; cave section connects through a 4 m tunnel"", ""Source_Primary"": ""https://www.visitpafos.org.cy/points-of-interest/kremmioti-waterfall/"", ""Source_Secondary"": ""https://www.visitpafos.org.cy/kritou-terra/?lang=el"", ""Last_Verified"": 46259, ""Data_Status"": ""Verified"", ""Source_Sheet"": ""Water_Features"", ""Source_Record_ID"": ""MASTER:PFO-A072"", ""Notes"": ""Official ETAP source describes a 25 m waterfall in lush scenery. Swimming is not promoted by the official source, so the app should not assume it."", ""Time_Parse_Confidence"": ""LOW"", ""Time_Parse_Note"": ""No explicit clock range; daylight/open-landmark logic only."", ""Time_Slot_Usable"": ""No""}"
PFO-A073,Old Theletra Seasonal Waterfall,C04,Nature & Views,Seasonal Waterfall / Village Walk,Verified,8,9,45,Old Theletra,"{""Activity_ID"": ""PFO-A073"", ""Activity_Name"": ""Old Theletra Seasonal Waterfall"", ""Category"": ""Nature & Views"", ""Subcategory"": ""Seasonal Waterfall / Village Walk"", ""District"": ""Paphos"", ""Area"": ""Old Theletra"", ""Full_Address_or_Access_Point"": ""Old Theletra drinking fountain area, below New Theletra, Paphos"", ""Website"": ""https://www.visitpafos.org.cy/the-real-thing/rural-pafos/"", ""Opening_Days"": ""Seasonal; appears during winter according to ETAP"", ""Opening_Hours"": ""Daylight in wet season"", ""Typical_Duration_Min"": 45, ""Price_Range"": ""Free"", ""Booking_Required"": ""No"", ""Indoor_Outdoor_Both"": ""Outdoor"", ""Summer_Suitable"": ""No"", ""Winter_Suitable"": ""Yes"", ""Rain_Suitable"": ""Conditional"", ""Heatwave_Suitable"": ""No"", ""Sunset_Suitable"": ""Yes"", ""Romantic_Score_1_10"": 8, ""Authentic_Cyprus_Score_1_10"": 9, ""Couple_Style"": ""Nature / Heritage"", ""Best_Time_of_Day"": ""Daytime"", ""Weather_Sensitivity"": ""Winter-season flow only; abandoned-village terrain"", ""Accessibility_or_Access_Notes"": ""Starts from the old drinking fountain; combine with abandoned village and Panagia Chryseleousa church"", ""Source_Primary"": ""https://www.visitpafos.org.cy/the-real-thing/rural-pafos/"", ""Source_Secondary"": ""https://www.visitpafos.org.cy/?page_id=8513"", ""Last_Verified"": 46259, ""Data_Status"": ""Verified"", ""Source_Sheet"": ""Water_Features"", ""Source_Record_ID"": ""MASTER:PFO-A073"", ""Notes"": ""ETAP explicitly states that a small waterfall runs above the old drinking fountain during winter. Do not recommend as a summer waterfall."", ""Time_Parse_Confidence"": ""LOW"", ""Time_Parse_Note"": ""No explicit clock range; daylight/open-landmark logic only."", ""Time_Slot_Usable"": ""No""}"
PFO-A074,Cedar Valley,C12,Nature & Views,Forest / Scenic Drive,Verified,10,10,120,Paphos Forest,"{""Activity_ID"": ""PFO-A074"", ""Activity_Name"": ""Cedar Valley"", ""Category"": ""Nature & Views"", ""Subcategory"": ""Forest / Scenic Drive"", ""District"": ""Paphos"", ""Area"": ""Paphos Forest"", ""Full_Address_or_Access_Point"": ""Cedar Valley, road between Panagia and Kykkos region"", ""Website"": ""https://www.visitpafos.org.cy/off-the-beaten-track/nature/"", ""Opening_Days"": ""Year-round subject to mountain-road conditions"", ""Opening_Hours"": ""Daylight"", ""Typical_Duration_Min"": 120, ""Price_Range"": ""Free"", ""Booking_Required"": ""No"", ""Indoor_Outdoor_Both"": ""Outdoor"", ""Summer_Suitable"": ""Yes"", ""Winter_Suitable"": ""Yes"", ""Rain_Suitable"": ""Conditional"", ""Heatwave_Suitable"": ""Conditional"", ""Sunset_Suitable"": ""Yes"", ""Romantic_Score_1_10"": 10, ""Authentic_Cyprus_Score_1_10"": 10, ""Couple_Style"": ""Nature"", ""Best_Time_of_Day"": ""Morning / afternoon"", ""Weather_Sensitivity"": ""Mountain weather/road conditions"", ""Accessibility_or_Access_Notes"": ""Remote; car required"", ""Source_Primary"": ""https://www.visitpafos.org.cy/off-the-beaten-track/nature/"", ""Source_Secondary"": ""https://www.agrotourism.com.cy/panayia"", ""Last_Verified"": 46259, ""Data_Status"": ""Verified"", ""Source_Sheet"": ""New Research"", ""Source_Record_ID"": ""MASTER:PFO-A074"", ""Notes"": ""Signature inland scenic landscape and photography experience."", ""Time_Parse_Confidence"": ""LOW"", ""Time_Parse_Note"": ""No explicit clock range; daylight/open-landmark logic only."", ""Time_Slot_Usable"": ""No""}"
PFO-A075,Stavros tis Psokas Forest Station & Mouflon Area,C12,Nature & Views,Forest / Wildlife,Verified,9,10,120,Paphos Forest,"{""Activity_ID"": ""PFO-A075"", ""Activity_Name"": ""Stavros tis Psokas Forest Station & Mouflon Area"", ""Category"": ""Nature & Views"", ""Subcategory"": ""Forest / Wildlife"", ""District"": ""Paphos"", ""Area"": ""Paphos Forest"", ""Full_Address_or_Access_Point"": ""Stavros tis Psokas, Paphos Forest"", ""Website"": ""https://www.visitpafos.org.cy/off-the-beaten-track/nature/"", ""Opening_Days"": ""Forest area; road/weather conditions should be checked"", ""Opening_Hours"": ""Daylight"", ""Typical_Duration_Min"": 120, ""Price_Range"": ""Free"", ""Booking_Required"": ""No"", ""Indoor_Outdoor_Both"": ""Outdoor"", ""Summer_Suitable"": ""Yes"", ""Winter_Suitable"": ""Yes"", ""Rain_Suitable"": ""Conditional"", ""Heatwave_Suitable"": ""Conditional"", ""Sunset_Suitable"": ""No"", ""Romantic_Score_1_10"": 9, ""Authentic_Cyprus_Score_1_10"": 10, ""Couple_Style"": ""Nature"", ""Best_Time_of_Day"": ""Morning / afternoon"", ""Weather_Sensitivity"": ""Remote mountain road; seasonal conditions"", ""Accessibility_or_Access_Notes"": ""Remote forest location; allow substantial driving time"", ""Source_Primary"": ""https://www.visitpafos.org.cy/off-the-beaten-track/nature/"", ""Source_Secondary"": ""https://www.agrotourism.com.cy/panayia"", ""Last_Verified"": 46259, ""Data_Status"": ""Verified"", ""Source_Sheet"": ""New Research"", ""Source_Record_ID"": ""MASTER:PFO-A075"", ""Notes"": ""Important habitat of Cyprus mouflon; strong Paphos Forest experience."", ""Time_Parse_Confidence"": ""LOW"", ""Time_Parse_Note"": ""No explicit clock range; daylight/open-landmark logic only."", ""Time_Slot_Usable"": ""No""}"
PFO-A076,Pomos Coastal Village & Harbour Scenic Stop,C06,Nature & Views,Coastal Village / Harbour,Verified,10,9,75,Pomos,"{""Activity_ID"": ""PFO-A076"", ""Activity_Name"": ""Pomos Coastal Village & Harbour Scenic Stop"", ""Category"": ""Nature & Views"", ""Subcategory"": ""Coastal Village / Harbour"", ""District"": ""Paphos"", ""Area"": ""Pomos"", ""Full_Address_or_Access_Point"": ""Pomos village and coastal harbour area, Paphos"", ""Website"": ""https://www.visitpafos.org.cy/?page_id=8513"", ""Opening_Days"": ""Village/coast accessible year-round"", ""Opening_Hours"": ""Daylight / sunset"", ""Typical_Duration_Min"": 75, ""Price_Range"": ""Free"", ""Booking_Required"": ""No"", ""Indoor_Outdoor_Both"": ""Outdoor"", ""Summer_Suitable"": ""Yes"", ""Winter_Suitable"": ""Yes"", ""Rain_Suitable"": ""Conditional"", ""Heatwave_Suitable"": ""Conditional"", ""Sunset_Suitable"": ""Yes"", ""Romantic_Score_1_10"": 10, ""Authentic_Cyprus_Score_1_10"": 9, ""Couple_Style"": ""Relaxed"", ""Best_Time_of_Day"": ""Late afternoon / sunset"", ""Weather_Sensitivity"": ""Sea/weather exposure"", ""Accessibility_or_Access_Notes"": ""Remote NW coast; scenic drive required"", ""Source_Primary"": ""https://www.visitpafos.org.cy/?page_id=8513"", ""Source_Secondary"": ""https://www.visitpafos.org.cy/?page_id=7815"", ""Last_Verified"": 46259, ""Data_Status"": ""Verified"", ""Source_Sheet"": ""New Research"", ""Source_Record_ID"": ""MASTER:PFO-A076"", ""Notes"": ""Key NW Paphos romantic coastal stop; peaceful authentic setting."", ""Time_Parse_Confidence"": ""LOW"", ""Time_Parse_Note"": ""No explicit clock range; daylight/open-landmark logic only."", ""Time_Slot_Usable"": ""No""}"
PFO-A077,EDRO III Shipwreck Viewpoint,C03,Nature & Views,Shipwreck / Coastal Landmark,Verified,10,7,45,Sea Caves / Pegeia,"{""Activity_ID"": ""PFO-A077"", ""Activity_Name"": ""EDRO III Shipwreck Viewpoint"", ""Category"": ""Nature & Views"", ""Subcategory"": ""Shipwreck / Coastal Landmark"", ""District"": ""Paphos"", ""Area"": ""Sea Caves / Pegeia"", ""Full_Address_or_Access_Point"": ""EDRO III coastal viewpoint, Sea Caves area, Pegeia"", ""Website"": ""https://www.visitpafos.org.cy/edro-iii-shipwreck/?lang=el"", ""Opening_Days"": ""Open coastal landmark"", ""Opening_Hours"": ""Daylight / sunset"", ""Typical_Duration_Min"": 45, ""Price_Range"": ""Free"", ""Booking_Required"": ""No"", ""Indoor_Outdoor_Both"": ""Outdoor"", ""Summer_Suitable"": ""Yes"", ""Winter_Suitable"": ""Yes"", ""Rain_Suitable"": ""No"", ""Heatwave_Suitable"": ""Conditional"", ""Sunset_Suitable"": ""Yes"", ""Romantic_Score_1_10"": 10, ""Authentic_Cyprus_Score_1_10"": 7, ""Couple_Style"": ""Relaxed"", ""Best_Time_of_Day"": ""Sunset"", ""Weather_Sensitivity"": ""Sea/weather exposure"", ""Accessibility_or_Access_Notes"": ""View from safe public coastal areas; do not approach dangerous rocks"", ""Source_Primary"": ""https://www.visitpafos.org.cy/edro-iii-shipwreck/?lang=el"", ""Source_Secondary"": ""https://www.visitpafos.org.cy/relax-revive-adventure/snorkeling-park/?lang=el"", ""Last_Verified"": 46259, ""Data_Status"": ""Verified"", ""Source_Sheet"": ""New Research"", ""Source_Record_ID"": ""MASTER:PFO-A077"", ""Notes"": ""Excellent romantic photography/sunset stop."", ""Time_Parse_Confidence"": ""LOW"", ""Time_Parse_Note"": ""No explicit clock range; daylight/open-landmark logic only."", ""Time_Slot_Usable"": ""No""}"
PFO-A078,Boat Ramp Dive Site,C03,Sea & Adventure,Scuba Diving Site,Verified,8,9,120,Agios Georgios Pegeia,"{""Activity_ID"": ""PFO-A078"", ""Activity_Name"": ""Boat Ramp Dive Site"", ""Category"": ""Sea & Adventure"", ""Subcategory"": ""Scuba Diving Site"", ""District"": ""Paphos"", ""Area"": ""Agios Georgios Pegeia"", ""Full_Address_or_Access_Point"": ""Agios Georgios fishing harbour / Sea Caves"", ""Website"": ""https://www.visitpafos.org.cy/relax-revive-adventure/snorkeling-park/"", ""Opening_Days"": ""Sea/weather dependent"", ""Opening_Hours"": ""Licensed dive-centre schedule"", ""Typical_Duration_Min"": 120, ""Price_Range"": ""€€"", ""Booking_Required"": ""Yes"", ""Indoor_Outdoor_Both"": ""Outdoor"", ""Summer_Suitable"": ""Yes"", ""Winter_Suitable"": ""Conditional"", ""Rain_Suitable"": ""No"", ""Heatwave_Suitable"": ""No"", ""Sunset_Suitable"": ""No"", ""Romantic_Score_1_10"": 8, ""Authentic_Cyprus_Score_1_10"": 9, ""Couple_Style"": ""Adventure"", ""Best_Time_of_Day"": ""Morning"", ""Weather_Sensitivity"": ""Sea/weather dependent"", ""Accessibility_or_Access_Notes"": ""Protected cove; approx. 6–18 m"", ""Source_Primary"": ""https://www.visitpafos.org.cy/relax-revive-adventure/snorkeling-park/"", ""Last_Verified"": 46259, ""Data_Status"": ""Verified"", ""Source_Sheet"": ""Final official-source enrichment"", ""Source_Record_ID"": ""MASTER:PFO-A078"", ""Notes"": ""Official description notes ancient pottery; do not disturb artefacts."", ""Time_Parse_Confidence"": ""LOW"", ""Time_Parse_Note"": ""Operator confirmation/booking required; no safe automatic time window."", ""Time_Slot_Usable"": ""No""}"
PFO-A079,St George Caves Dive Site,C03,Sea & Adventure,Scuba Diving Site,Verified,9,8,150,Agios Georgios Pegeia,"{""Activity_ID"": ""PFO-A079"", ""Activity_Name"": ""St George Caves Dive Site"", ""Category"": ""Sea & Adventure"", ""Subcategory"": ""Scuba Diving Site"", ""District"": ""Paphos"", ""Area"": ""Agios Georgios Pegeia"", ""Full_Address_or_Access_Point"": ""Agios Georgios harbour/island"", ""Website"": ""https://www.visitpafos.org.cy/relax-revive-adventure/snorkeling-park/"", ""Opening_Days"": ""Sea/weather dependent"", ""Opening_Hours"": ""Licensed dive-centre schedule"", ""Typical_Duration_Min"": 150, ""Price_Range"": ""€€"", ""Booking_Required"": ""Yes"", ""Indoor_Outdoor_Both"": ""Outdoor"", ""Summer_Suitable"": ""Yes"", ""Winter_Suitable"": ""Conditional"", ""Rain_Suitable"": ""No"", ""Heatwave_Suitable"": ""No"", ""Sunset_Suitable"": ""No"", ""Romantic_Score_1_10"": 9, ""Authentic_Cyprus_Score_1_10"": 8, ""Couple_Style"": ""Adventure"", ""Best_Time_of_Day"": ""Morning"", ""Weather_Sensitivity"": ""Sea/weather dependent"", ""Accessibility_or_Access_Notes"": ""Certification-dependent route"", ""Source_Primary"": ""https://www.visitpafos.org.cy/relax-revive-adventure/snorkeling-park/"", ""Last_Verified"": 46259, ""Data_Status"": ""Verified"", ""Source_Sheet"": ""Final official-source enrichment"", ""Source_Record_ID"": ""MASTER:PFO-A079"", ""Notes"": ""Caves, arches and advanced wall options."", ""Time_Parse_Confidence"": ""LOW"", ""Time_Parse_Note"": ""Operator confirmation/booking required; no safe automatic time window."", ""Time_Slot_Usable"": ""No""}"
PFO-A080,White River Dive Site,C03,Sea & Adventure,Scuba Diving Site,Verified,8,9,120,Agios Georgios Pegeia / Akamas,"{""Activity_ID"": ""PFO-A080"", ""Activity_Name"": ""White River Dive Site"", ""Category"": ""Sea & Adventure"", ""Subcategory"": ""Scuba Diving Site"", ""District"": ""Paphos"", ""Area"": ""Agios Georgios Pegeia / Akamas"", ""Full_Address_or_Access_Point"": ""White River / Aspros Potamos"", ""Website"": ""https://www.visitpafos.org.cy/relax-revive-adventure/snorkeling-park/"", ""Opening_Days"": ""Sea/weather dependent"", ""Opening_Hours"": ""Licensed dive-centre schedule"", ""Typical_Duration_Min"": 120, ""Price_Range"": ""€€"", ""Booking_Required"": ""Yes"", ""Indoor_Outdoor_Both"": ""Outdoor"", ""Summer_Suitable"": ""Yes"", ""Winter_Suitable"": ""Conditional"", ""Rain_Suitable"": ""No"", ""Heatwave_Suitable"": ""No"", ""Sunset_Suitable"": ""No"", ""Romantic_Score_1_10"": 8, ""Authentic_Cyprus_Score_1_10"": 9, ""Couple_Style"": ""Adventure"", ""Best_Time_of_Day"": ""Morning"", ""Weather_Sensitivity"": ""Sea/weather dependent"", ""Accessibility_or_Access_Notes"": ""Qualified dive centre required"", ""Source_Primary"": ""https://www.visitpafos.org.cy/relax-revive-adventure/snorkeling-park/"", ""Last_Verified"": 46259, ""Data_Status"": ""Verified"", ""Source_Sheet"": ""Final official-source enrichment"", ""Source_Record_ID"": ""MASTER:PFO-A080"", ""Notes"": ""Official dive site."", ""Time_Parse_Confidence"": ""LOW"", ""Time_Parse_Note"": ""Operator confirmation/booking required; no safe automatic time window."", ""Time_Slot_Usable"": ""No""}"
PFO-A081,Amphitheatre Dive Site,C03,Sea & Adventure,Scuba Diving Site,Verified,8,8,120,Coral Bay / Pegeia,"{""Activity_ID"": ""PFO-A081"", ""Activity_Name"": ""Amphitheatre Dive Site"", ""Category"": ""Sea & Adventure"", ""Subcategory"": ""Scuba Diving Site"", ""District"": ""Paphos"", ""Area"": ""Coral Bay / Pegeia"", ""Full_Address_or_Access_Point"": ""Beyond Coral Bay/Corallia toward Agios Georgios"", ""Website"": ""https://www.visitpafos.org.cy/relax-revive-adventure/snorkeling-park/"", ""Opening_Days"": ""Sea/weather dependent"", ""Opening_Hours"": ""Licensed dive-centre schedule"", ""Typical_Duration_Min"": 120, ""Price_Range"": ""€€"", ""Booking_Required"": ""Yes"", ""Indoor_Outdoor_Both"": ""Outdoor"", ""Summer_Suitable"": ""Yes"", ""Winter_Suitable"": ""Conditional"", ""Rain_Suitable"": ""No"", ""Heatwave_Suitable"": ""No"", ""Sunset_Suitable"": ""No"", ""Romantic_Score_1_10"": 8, ""Authentic_Cyprus_Score_1_10"": 8, ""Couple_Style"": ""Adventure"", ""Best_Time_of_Day"": ""Morning"", ""Weather_Sensitivity"": ""Sea/weather dependent"", ""Accessibility_or_Access_Notes"": ""Guided dive recommended"", ""Source_Primary"": ""https://www.visitpafos.org.cy/relax-revive-adventure/snorkeling-park/"", ""Last_Verified"": 46259, ""Data_Status"": ""Verified"", ""Source_Sheet"": ""Final official-source enrichment"", ""Source_Record_ID"": ""MASTER:PFO-A081"", ""Notes"": ""Natural amphitheatre formations."", ""Time_Parse_Confidence"": ""LOW"", ""Time_Parse_Note"": ""Operator confirmation/booking required; no safe automatic time window."", ""Time_Slot_Usable"": ""No""}"
PFO-A082,Pistol Bay Dive Site,C03,Sea & Adventure,Scuba Diving Site,Verified,8,8,120,Coral Bay / Pegeia,"{""Activity_ID"": ""PFO-A082"", ""Activity_Name"": ""Pistol Bay Dive Site"", ""Category"": ""Sea & Adventure"", ""Subcategory"": ""Scuba Diving Site"", ""District"": ""Paphos"", ""Area"": ""Coral Bay / Pegeia"", ""Full_Address_or_Access_Point"": ""Adjacent to Amphitheatre"", ""Website"": ""https://www.visitpafos.org.cy/relax-revive-adventure/snorkeling-park/"", ""Opening_Days"": ""Sea/weather dependent"", ""Opening_Hours"": ""Licensed dive-centre schedule"", ""Typical_Duration_Min"": 120, ""Price_Range"": ""€€"", ""Booking_Required"": ""Yes"", ""Indoor_Outdoor_Both"": ""Outdoor"", ""Summer_Suitable"": ""Yes"", ""Winter_Suitable"": ""Conditional"", ""Rain_Suitable"": ""No"", ""Heatwave_Suitable"": ""No"", ""Sunset_Suitable"": ""No"", ""Romantic_Score_1_10"": 8, ""Authentic_Cyprus_Score_1_10"": 8, ""Couple_Style"": ""Adventure"", ""Best_Time_of_Day"": ""Morning"", ""Weather_Sensitivity"": ""Sea/weather dependent"", ""Accessibility_or_Access_Notes"": ""Open Water certification minimum stated"", ""Source_Primary"": ""https://www.visitpafos.org.cy/relax-revive-adventure/snorkeling-park/"", ""Last_Verified"": 46259, ""Data_Status"": ""Verified"", ""Source_Sheet"": ""Final official-source enrichment"", ""Source_Record_ID"": ""MASTER:PFO-A082"", ""Notes"": ""Caves and swim-throughs."", ""Time_Parse_Confidence"": ""LOW"", ""Time_Parse_Note"": ""Operator confirmation/booking required; no safe automatic time window."", ""Time_Slot_Usable"": ""No""}"
PFO-A083,Municipal Baths Snorkelling Park,C01,Sea & Adventure,Snorkeling / Free Diving,Verified,9,8,60,Kato Paphos,"{""Activity_ID"": ""PFO-A083"", ""Activity_Name"": ""Municipal Baths Snorkelling Park"", ""Category"": ""Sea & Adventure"", ""Subcategory"": ""Snorkeling / Free Diving"", ""District"": ""Paphos"", ""Area"": ""Kato Paphos"", ""Full_Address_or_Access_Point"": ""Municipal Baths, Kato Paphos"", ""Website"": ""https://www.visitpafos.org.cy/relax-revive-adventure/snorkeling-park/"", ""Opening_Days"": ""Sea/weather dependent"", ""Opening_Hours"": ""Daylight"", ""Typical_Duration_Min"": 60, ""Price_Range"": ""€"", ""Booking_Required"": ""No"", ""Indoor_Outdoor_Both"": ""Outdoor"", ""Summer_Suitable"": ""Yes"", ""Winter_Suitable"": ""Conditional"", ""Rain_Suitable"": ""No"", ""Heatwave_Suitable"": ""Conditional"", ""Sunset_Suitable"": ""No"", ""Romantic_Score_1_10"": 9, ""Authentic_Cyprus_Score_1_10"": 8, ""Couple_Style"": ""Relaxed / Adventure"", ""Best_Time_of_Day"": ""Morning / late afternoon"", ""Weather_Sensitivity"": ""Sea/weather dependent"", ""Accessibility_or_Access_Notes"": ""Use marked swimming areas"", ""Source_Primary"": ""https://www.visitpafos.org.cy/relax-revive-adventure/snorkeling-park/"", ""Last_Verified"": 46259, ""Data_Status"": ""Verified"", ""Source_Sheet"": ""Final official-source enrichment"", ""Source_Record_ID"": ""MASTER:PFO-A083"", ""Notes"": ""Accessible marine activity."", ""Time_Parse_Confidence"": ""LOW"", ""Time_Parse_Note"": ""No explicit clock range; daylight/open-landmark logic only."", ""Time_Slot_Usable"": ""No""}"
PFO-A084,Pafos Coastal Parasailing,C01,Sea & Adventure,Parasailing,Verified,10,5,30,Kato Paphos,"{""Activity_ID"": ""PFO-A084"", ""Activity_Name"": ""Pafos Coastal Parasailing"", ""Category"": ""Sea & Adventure"", ""Subcategory"": ""Parasailing"", ""District"": ""Paphos"", ""Area"": ""Kato Paphos"", ""Full_Address_or_Access_Point"": ""Coastal broadwalk by Almyra / Annabelle / Alexander the Great"", ""Website"": ""https://pafoswatersports.com/parasailing/"", ""Phone"": ""+357 99 739344"", ""Opening_Days"": ""Monday–Sunday"", ""Opening_Hours"": ""09:30–18:00"", ""Typical_Duration_Min"": 30, ""Price_Range"": ""€€"", ""Booking_Required"": ""Yes"", ""Indoor_Outdoor_Both"": ""Outdoor"", ""Summer_Suitable"": ""Yes"", ""Winter_Suitable"": ""No"", ""Rain_Suitable"": ""No"", ""Heatwave_Suitable"": ""No"", ""Sunset_Suitable"": ""Yes"", ""Romantic_Score_1_10"": 10, ""Authentic_Cyprus_Score_1_10"": 5, ""Couple_Style"": ""Adventure / Romantic"", ""Best_Time_of_Day"": ""Morning / late afternoon"", ""Weather_Sensitivity"": ""Sea/weather dependent"", ""Accessibility_or_Access_Notes"": ""Single/double/triple"", ""Source_Primary"": ""https://pafoswatersports.com/parasailing/"", ""Source_Secondary"": ""https://pafoswatersports.com/"", ""Last_Verified"": 46259, ""Data_Status"": ""Verified"", ""Source_Sheet"": ""Final official-source enrichment"", ""Source_Record_ID"": ""MASTER:PFO-A084"", ""Notes"": ""Central coast option."", ""Parsed_Open_Time"": 0.3958333333333333, ""Parsed_Close_Time"": 0.75, ""Time_Parse_Confidence"": ""MEDIUM"", ""Time_Parse_Note"": ""Parsed explicit range from text: 09:30 to 18:00. Seasonal/multiple-session details may still require recheck."", ""Time_Slot_Usable"": ""Yes""}"
PFO-A085,Latchi Kayak / Canoe / Paddleboard,C05,Sea & Adventure,Kayak / Canoe / SUP,Verified,9,7,60,Latchi,"{""Activity_ID"": ""PFO-A085"", ""Activity_Name"": ""Latchi Kayak / Canoe / Paddleboard"", ""Category"": ""Sea & Adventure"", ""Subcategory"": ""Kayak / Canoe / SUP"", ""District"": ""Paphos"", ""Area"": ""Latchi"", ""Full_Address_or_Access_Point"": ""Latchi Watersports Centre / beachfront bases"", ""Website"": ""https://www.latchiwatersportscentre.com/pedalo-canoe-kayak-paddleboard/"", ""Phone"": ""+357 26 322095 / +357 96 603611"", ""Opening_Days"": ""Daily / seasonal sea operation"", ""Opening_Hours"": ""Centre 08:00–20:00; weather dependent"", ""Typical_Duration_Min"": 60, ""Price_Range"": ""€€"", ""Booking_Required"": ""Yes"", ""Indoor_Outdoor_Both"": ""Outdoor"", ""Summer_Suitable"": ""Yes"", ""Winter_Suitable"": ""Conditional"", ""Rain_Suitable"": ""No"", ""Heatwave_Suitable"": ""Conditional"", ""Sunset_Suitable"": ""No"", ""Romantic_Score_1_10"": 9, ""Authentic_Cyprus_Score_1_10"": 7, ""Couple_Style"": ""Active / Relaxed"", ""Best_Time_of_Day"": ""Morning / late afternoon"", ""Weather_Sensitivity"": ""Sea/weather dependent"", ""Accessibility_or_Access_Notes"": ""Marked swimming zones"", ""Source_Primary"": ""https://www.latchiwatersportscentre.com/pedalo-canoe-kayak-paddleboard/"", ""Source_Secondary"": ""https://www.latchiwatersportscentre.com/watersports/"", ""Last_Verified"": 46259, ""Data_Status"": ""Verified"", ""Source_Sheet"": ""Final official-source enrichment"", ""Source_Record_ID"": ""MASTER:PFO-A085"", ""Notes"": ""Official Latchi operator."", ""Parsed_Open_Time"": 0.3333333333333333, ""Parsed_Close_Time"": 0.8333333333333334, ""Time_Parse_Confidence"": ""MEDIUM"", ""Time_Parse_Note"": ""Parsed explicit range from text: 08:00 to 20:00. Seasonal/multiple-session details may still require recheck."", ""Time_Slot_Usable"": ""Yes""}"
PFO-A086,Latchi Parasailing,C05,Sea & Adventure,Parasailing,Verified,10,5,30,Latchi,"{""Activity_ID"": ""PFO-A086"", ""Activity_Name"": ""Latchi Parasailing"", ""Category"": ""Sea & Adventure"", ""Subcategory"": ""Parasailing"", ""District"": ""Paphos"", ""Area"": ""Latchi"", ""Full_Address_or_Access_Point"": ""Latchi Watersports Centre"", ""Website"": ""https://www.latchiwatersportscentre.com/watersports/"", ""Phone"": ""+357 26 322095 / +357 96 603611"", ""Opening_Days"": ""Daily / seasonal sea operation"", ""Opening_Hours"": ""Centre 08:00–20:00; slots weather dependent"", ""Typical_Duration_Min"": 30, ""Price_Range"": ""€€"", ""Booking_Required"": ""Yes"", ""Indoor_Outdoor_Both"": ""Outdoor"", ""Summer_Suitable"": ""Yes"", ""Winter_Suitable"": ""No"", ""Rain_Suitable"": ""No"", ""Heatwave_Suitable"": ""No"", ""Sunset_Suitable"": ""Yes"", ""Romantic_Score_1_10"": 10, ""Authentic_Cyprus_Score_1_10"": 5, ""Couple_Style"": ""Adventure / Romantic"", ""Best_Time_of_Day"": ""Morning / late afternoon"", ""Weather_Sensitivity"": ""Highly weather dependent"", ""Accessibility_or_Access_Notes"": ""Operator safety rules apply"", ""Source_Primary"": ""https://www.latchiwatersportscentre.com/watersports/"", ""Source_Secondary"": ""https://www.latchiwatersportscentre.com/"", ""Last_Verified"": 46259, ""Data_Status"": ""Verified"", ""Source_Sheet"": ""Final official-source enrichment"", ""Source_Record_ID"": ""MASTER:PFO-A086"", ""Notes"": ""Akamas coast parasailing."", ""Parsed_Open_Time"": 0.3333333333333333, ""Parsed_Close_Time"": 0.8333333333333334, ""Time_Parse_Confidence"": ""MEDIUM"", ""Time_Parse_Note"": ""Parsed explicit range from text: 08:00 to 20:00. Seasonal/multiple-session details may still require recheck."", ""Time_Slot_Usable"": ""Yes""}"
PFO-A087,Amphorae Caves Dive Site,C01,Sea & Adventure,Scuba Diving / Underwater Heritage,Verified,9,10,120,Moulia Island / Paphos,"{""Activity_ID"": ""PFO-A087"", ""Activity_Name"": ""Amphorae Caves Dive Site"", ""Category"": ""Sea & Adventure"", ""Subcategory"": ""Scuba Diving / Underwater Heritage"", ""District"": ""Paphos"", ""Area"": ""Moulia Island / Paphos"", ""Full_Address_or_Access_Point"": ""Moulia Island offshore Paphos"", ""Website"": ""https://www.visitpafos.org.cy/relax-revive-adventure/snorkeling-park/"", ""Opening_Days"": ""Sea/weather dependent"", ""Opening_Hours"": ""Licensed dive-centre schedule"", ""Typical_Duration_Min"": 120, ""Price_Range"": ""€€"", ""Booking_Required"": ""Yes"", ""Indoor_Outdoor_Both"": ""Outdoor"", ""Summer_Suitable"": ""Yes"", ""Winter_Suitable"": ""Conditional"", ""Rain_Suitable"": ""No"", ""Heatwave_Suitable"": ""No"", ""Sunset_Suitable"": ""No"", ""Romantic_Score_1_10"": 9, ""Authentic_Cyprus_Score_1_10"": 10, ""Couple_Style"": ""Adventure / Heritage"", ""Best_Time_of_Day"": ""Morning"", ""Weather_Sensitivity"": ""Sea/weather dependent"", ""Accessibility_or_Access_Notes"": ""Approx. 5–12 m"", ""Source_Primary"": ""https://www.visitpafos.org.cy/relax-revive-adventure/snorkeling-park/"", ""Last_Verified"": 46259, ""Data_Status"": ""Verified"", ""Source_Sheet"": ""Final official-source enrichment"", ""Source_Record_ID"": ""MASTER:PFO-A087"", ""Notes"": ""Amphorae-encrusted cave roof."", ""Time_Parse_Confidence"": ""LOW"", ""Time_Parse_Note"": ""Operator confirmation/booking required; no safe automatic time window."", ""Time_Slot_Usable"": ""No""}"
PFO-A088,Laboe Wreck Dive,C01,Sea & Adventure,Wreck Diving,Verified,8,7,150,Paphos Coast,"{""Activity_ID"": ""PFO-A088"", ""Activity_Name"": ""Laboe Wreck Dive"", ""Category"": ""Sea & Adventure"", ""Subcategory"": ""Wreck Diving"", ""District"": ""Paphos"", ""Area"": ""Paphos Coast"", ""Full_Address_or_Access_Point"": ""Offshore Paphos; operator departure required"", ""Website"": ""https://www.visitpafos.org.cy/relax-revive-adventure/snorkeling-park/"", ""Opening_Days"": ""Sea/weather dependent"", ""Opening_Hours"": ""Licensed dive-centre schedule"", ""Typical_Duration_Min"": 150, ""Price_Range"": ""€€€"", ""Booking_Required"": ""Yes"", ""Indoor_Outdoor_Both"": ""Outdoor"", ""Summer_Suitable"": ""Yes"", ""Winter_Suitable"": ""Conditional"", ""Rain_Suitable"": ""No"", ""Heatwave_Suitable"": ""No"", ""Sunset_Suitable"": ""No"", ""Romantic_Score_1_10"": 8, ""Authentic_Cyprus_Score_1_10"": 7, ""Couple_Style"": ""Adventure"", ""Best_Time_of_Day"": ""Morning"", ""Weather_Sensitivity"": ""Sea/weather dependent"", ""Accessibility_or_Access_Notes"": ""Certification requirements by operator"", ""Source_Primary"": ""https://www.visitpafos.org.cy/relax-revive-adventure/snorkeling-park/"", ""Last_Verified"": 46259, ""Data_Status"": ""Verified"", ""Source_Sheet"": ""Final official-source enrichment"", ""Source_Record_ID"": ""MASTER:PFO-A088"", ""Notes"": ""Official wreck-diving option."", ""Time_Parse_Confidence"": ""LOW"", ""Time_Parse_Note"": ""Operator confirmation/booking required; no safe automatic time window."", ""Time_Slot_Usable"": ""No""}"
PFO-A089,Sea Caves Dive Site,C03,Sea & Adventure,Scuba Diving Site,Verified,9,8,120,Sea Caves / Pegeia,"{""Activity_ID"": ""PFO-A089"", ""Activity_Name"": ""Sea Caves Dive Site"", ""Category"": ""Sea & Adventure"", ""Subcategory"": ""Scuba Diving Site"", ""District"": ""Paphos"", ""Area"": ""Sea Caves / Pegeia"", ""Full_Address_or_Access_Point"": ""Sea Caves coastal area"", ""Website"": ""https://www.visitpafos.org.cy/relax-revive-adventure/snorkeling-park/"", ""Opening_Days"": ""Sea/weather dependent"", ""Opening_Hours"": ""Licensed dive-centre schedule"", ""Typical_Duration_Min"": 120, ""Price_Range"": ""€€"", ""Booking_Required"": ""Yes"", ""Indoor_Outdoor_Both"": ""Outdoor"", ""Summer_Suitable"": ""Yes"", ""Winter_Suitable"": ""Conditional"", ""Rain_Suitable"": ""No"", ""Heatwave_Suitable"": ""No"", ""Sunset_Suitable"": ""No"", ""Romantic_Score_1_10"": 9, ""Authentic_Cyprus_Score_1_10"": 8, ""Couple_Style"": ""Adventure"", ""Best_Time_of_Day"": ""Morning"", ""Weather_Sensitivity"": ""Sea/weather dependent"", ""Accessibility_or_Access_Notes"": ""Approx. 12–36 m"", ""Source_Primary"": ""https://www.visitpafos.org.cy/relax-revive-adventure/snorkeling-park/"", ""Last_Verified"": 46259, ""Data_Status"": ""Verified"", ""Source_Sheet"": ""Final official-source enrichment"", ""Source_Record_ID"": ""MASTER:PFO-A089"", ""Notes"": ""Separate from above-water viewpoint."", ""Time_Parse_Confidence"": ""LOW"", ""Time_Parse_Note"": ""Operator confirmation/booking required; no safe automatic time window."", ""Time_Slot_Usable"": ""No""}"
PFO-A090,Municipal Baths Beach,C01,Sea & Beach,Beach,Verified,8,,60,Kato Paphos,"{""Activity_ID"": ""PFO-A090"", ""Activity_Name"": ""Municipal Baths Beach"", ""Category"": ""Sea & Beach"", ""Subcategory"": ""Beach"", ""District"": ""Paphos"", ""Area"": ""Kato Paphos"", ""Full_Address_or_Access_Point"": ""Municipal Baths Beach, Poseidonos Avenue, Kato Paphos"", ""Latitude"": 34.75562, ""Longitude"": 32.416036, ""Website"": ""https://www.visitcyprus.com/discover-cyprus/sun-sea/beaches/municipal-baths-beach-blue-flag/"", ""Opening_Days"": ""Beach accessible year-round; lifeguards Apr–Oct"", ""Opening_Hours"": ""Daylight; lifeguard season Apr–Oct"", ""Typical_Duration_Min"": 60, ""Price_Range"": ""€"", ""Booking_Required"": ""No"", ""Heatwave_Suitable"": ""Yes"", ""Romantic_Score_1_10"": 8, ""Weather_Sensitivity"": ""Water is calm but becomes deep relatively quickly"", ""Source_Primary"": ""https://www.visitcyprus.com/discover-cyprus/sun-sea/beaches/municipal-baths-beach-blue-flag/"", ""Last_Verified"": ""2026-08-25"", ""Data_Status"": ""Verified"", ""Source_Sheet"": ""Beaches_Sea"", ""Source_Record_ID"": ""MASTER:PFO-A090"", ""Notes"": ""Excellent central option near harbour; wooden decking plus sandy sections."", ""Time_Parse_Confidence"": ""LOW"", ""Time_Parse_Note"": ""No explicit clock range; daylight/open-landmark logic only."", ""Time_Slot_Usable"": ""No""}"
PFO-A091,Vrysoudia A Beach,C01,Sea & Beach,Beach,Verified,8,,90,Kato Paphos,"{""Activity_ID"": ""PFO-A091"", ""Activity_Name"": ""Vrysoudia A Beach"", ""Category"": ""Sea & Beach"", ""Subcategory"": ""Beach"", ""District"": ""Paphos"", ""Area"": ""Kato Paphos"", ""Full_Address_or_Access_Point"": ""Vrysoudia A Beach, Poseidonos Avenue area, Kato Paphos"", ""Latitude"": 34.75016, ""Longitude"": 32.42156, ""Website"": ""https://www.visitcyprus.com/discover-cyprus/sun-sea/beaches/vrysoudia-a-beach-blue-flag/"", ""Opening_Days"": ""Beach accessible year-round; lifeguards Apr–Oct"", ""Opening_Hours"": ""Daylight; lifeguard season Apr–Oct"", ""Typical_Duration_Min"": 90, ""Price_Range"": ""€"", ""Booking_Required"": ""No"", ""Heatwave_Suitable"": ""Yes"", ""Romantic_Score_1_10"": 8, ""Weather_Sensitivity"": ""Organised urban beach; usual sea/weather variability"", ""Source_Primary"": ""https://www.visitcyprus.com/discover-cyprus/sun-sea/beaches/vrysoudia-a-beach-blue-flag/"", ""Last_Verified"": ""2026-08-25"", ""Data_Status"": ""Verified"", ""Source_Sheet"": ""Beaches_Sea"", ""Source_Record_ID"": ""MASTER:PFO-A091"", ""Notes"": ""Central Kato Paphos organised beach with showers, sunbeds, umbrellas and water sports."", ""Time_Parse_Confidence"": ""LOW"", ""Time_Parse_Note"": ""No explicit clock range; daylight/open-landmark logic only."", ""Time_Slot_Usable"": ""No""}"
PFO-A092,Faros Beach,C01,Sea & Beach,Beach,Verified,9,,90,Kato Paphos / Lighthouse,"{""Activity_ID"": ""PFO-A092"", ""Activity_Name"": ""Faros Beach"", ""Category"": ""Sea & Beach"", ""Subcategory"": ""Beach"", ""District"": ""Paphos"", ""Area"": ""Kato Paphos / Lighthouse"", ""Full_Address_or_Access_Point"": ""Faros Beach, Paphos"", ""Latitude"": 34.76449, ""Longitude"": 32.40674, ""Website"": ""https://www.visitcyprus.com/discover-cyprus/sun-sea/beaches/faros-beach-pafos-paphos-blue-flag/"", ""Opening_Days"": ""Beach accessible year-round; lifeguards Apr–Oct"", ""Opening_Hours"": ""Daylight; lifeguard season Apr–Oct"", ""Typical_Duration_Min"": 90, ""Price_Range"": ""€"", ""Booking_Required"": ""No"", ""Heatwave_Suitable"": ""Conditional"", ""Romantic_Score_1_10"": 9, ""Weather_Sensitivity"": ""Water can become wavy; check sea conditions"", ""Source_Primary"": ""https://www.visitcyprus.com/discover-cyprus/sun-sea/beaches/faros-beach-pafos-paphos-blue-flag/"", ""Last_Verified"": ""2026-08-25"", ""Data_Status"": ""Verified"", ""Source_Sheet"": ""Beaches_Sea"", ""Source_Record_ID"": ""MASTER:PFO-A092"", ""Notes"": ""Scenic views, nature trails and proximity to harbour/archaeology; strong sunset potential."", ""Time_Parse_Confidence"": ""LOW"", ""Time_Parse_Note"": ""No explicit clock range; daylight/open-landmark logic only."", ""Time_Slot_Usable"": ""No""}"
PFO-A093,Blue Lagoon Afternoon Cruise – Blue Diamond Latchi,C05,Sea & Beach,Boat Cruise,Verified,9,,180,Latchi / Akamas,"{""Activity_ID"": ""PFO-A093"", ""Activity_Name"": ""Blue Lagoon Afternoon Cruise – Blue Diamond Latchi"", ""Category"": ""Sea & Beach"", ""Subcategory"": ""Boat Cruise"", ""District"": ""Paphos"", ""Area"": ""Latchi / Akamas"", ""Full_Address_or_Access_Point"": ""Departure: Latchi Harbour, Latchi Polis, Cyprus 8840"", ""Website"": ""https://www.bluediamondlatchi.com/"", ""Phone"": ""+357 97 754 144"", ""Opening_Days"": ""Seasonal marine operation; confirm specific sailing date"", ""Opening_Hours"": ""14:00–17:00"", ""Typical_Duration_Min"": 180, ""Price_Range"": ""€€"", ""Booking_Required"": ""Yes"", ""Heatwave_Suitable"": ""Yes"", ""Romantic_Score_1_10"": 9, ""Weather_Sensitivity"": ""Cruise subject to sea/weather and operator conditions"", ""Source_Primary"": ""https://www.bluediamondlatchi.com/"", ""Source_Secondary"": ""https://www.bluediamondlatchi.com/contact/"", ""Last_Verified"": ""2026-08-25"", ""Data_Status"": ""Verified"", ""Source_Sheet"": ""Beaches_Sea"", ""Source_Record_ID"": ""MASTER:PFO-A093"", ""Notes"": ""3-hour afternoon Blue Lagoon cruise from Latchi Harbour."", ""Parsed_Open_Time"": 0.5833333333333334, ""Parsed_Close_Time"": 0.7083333333333334, ""Time_Parse_Confidence"": ""MEDIUM"", ""Time_Parse_Note"": ""Parsed explicit range from text: 14:00 to 17:00. Seasonal/multiple-session details may still require recheck."", ""Time_Slot_Usable"": ""Yes""}"
PFO-A094,Blue Lagoon Morning Cruise – Blue Diamond Latchi,C05,Sea & Beach,Boat Cruise,Verified,9,,180,Latchi / Akamas,"{""Activity_ID"": ""PFO-A094"", ""Activity_Name"": ""Blue Lagoon Morning Cruise – Blue Diamond Latchi"", ""Category"": ""Sea & Beach"", ""Subcategory"": ""Boat Cruise"", ""District"": ""Paphos"", ""Area"": ""Latchi / Akamas"", ""Full_Address_or_Access_Point"": ""Departure: Latchi Harbour, Latchi Polis, Cyprus 8840"", ""Website"": ""https://www.bluediamondlatchi.com/"", ""Phone"": ""+357 97 754 144"", ""Opening_Days"": ""Seasonal marine operation; confirm specific sailing date"", ""Opening_Hours"": ""10:30–13:30"", ""Typical_Duration_Min"": 180, ""Price_Range"": ""€€"", ""Booking_Required"": ""Yes"", ""Heatwave_Suitable"": ""Yes"", ""Romantic_Score_1_10"": 9, ""Weather_Sensitivity"": ""Cruise subject to sea/weather and operator conditions"", ""Source_Primary"": ""https://www.bluediamondlatchi.com/"", ""Source_Secondary"": ""https://www.bluediamondlatchi.com/contact/"", ""Last_Verified"": ""2026-08-25"", ""Data_Status"": ""Verified"", ""Source_Sheet"": ""Beaches_Sea"", ""Source_Record_ID"": ""MASTER:PFO-A094"", ""Notes"": ""3-hour Blue Lagoon cruise; swimming, waterslide, complimentary wine/fruit and snorkel masks advertised."", ""Parsed_Open_Time"": 0.4375, ""Parsed_Close_Time"": 0.5625, ""Time_Parse_Confidence"": ""MEDIUM"", ""Time_Parse_Note"": ""Parsed explicit range from text: 10:30 to 13:30. Seasonal/multiple-session details may still require recheck."", ""Time_Slot_Usable"": ""Yes""}"
PFO-A095,Blue Lagoon Sunset Cruise – Blue Diamond Latchi,C05,Sea & Beach,Sunset Cruise,Verified,10,,180,Latchi / Akamas,"{""Activity_ID"": ""PFO-A095"", ""Activity_Name"": ""Blue Lagoon Sunset Cruise – Blue Diamond Latchi"", ""Category"": ""Sea & Beach"", ""Subcategory"": ""Sunset Cruise"", ""District"": ""Paphos"", ""Area"": ""Latchi / Akamas"", ""Full_Address_or_Access_Point"": ""Departure: Latchi Harbour, Latchi Polis, Cyprus 8840"", ""Website"": ""https://www.bluediamondlatchi.com/"", ""Phone"": ""+357 97 754 144"", ""Opening_Days"": ""Seasonal marine operation; confirm specific sailing date"", ""Opening_Hours"": ""17:00–20:00"", ""Typical_Duration_Min"": 180, ""Price_Range"": ""€€"", ""Booking_Required"": ""Yes"", ""Heatwave_Suitable"": ""Conditional"", ""Romantic_Score_1_10"": 10, ""Weather_Sensitivity"": ""Strongly weather/sea dependent"", ""Source_Primary"": ""https://www.bluediamondlatchi.com/"", ""Source_Secondary"": ""https://www.bluediamondlatchi.com/contact/"", ""Last_Verified"": ""2026-08-25"", ""Data_Status"": ""Verified"", ""Source_Sheet"": ""Beaches_Sea"", ""Source_Record_ID"": ""MASTER:PFO-A095"", ""Notes"": ""High-priority romantic sea experience; check actual sunset and sailing date."", ""Parsed_Open_Time"": 0.7083333333333334, ""Parsed_Close_Time"": 0.8333333333333334, ""Time_Parse_Confidence"": ""MEDIUM"", ""Time_Parse_Note"": ""Parsed explicit range from text: 17:00 to 20:00. Seasonal/multiple-session details may still require recheck."", ""Time_Slot_Usable"": ""Yes""}"
PFO-A096,Private Akamas / Blue Lagoon Charter – Latchi Blue Lagoon Charters,C05,Sea & Beach,Private Charter,Verified,10,,180,Latchi / Akamas,"{""Activity_ID"": ""PFO-A096"", ""Activity_Name"": ""Private Akamas / Blue Lagoon Charter – Latchi Blue Lagoon Charters"", ""Category"": ""Sea & Beach"", ""Subcategory"": ""Private Charter"", ""District"": ""Paphos"", ""Area"": ""Latchi / Akamas"", ""Full_Address_or_Access_Point"": ""Departure: Latchi Harbour, Polis Chrysochous, Paphos"", ""Website"": ""https://latchibluelagooncharters.com/cruises/"", ""Opening_Days"": ""By reservation; seasonal/weather dependent"", ""Opening_Hours"": ""Typical departures published: 10:20 or 15:30"", ""Typical_Duration_Min"": 180, ""Price_Range"": ""€€€€"", ""Booking_Required"": ""Yes"", ""Heatwave_Suitable"": ""Yes"", ""Romantic_Score_1_10"": 10, ""Weather_Sensitivity"": ""Private charter subject to weather/sea and vessel availability"", ""Source_Primary"": ""https://latchibluelagooncharters.com/cruises/"", ""Last_Verified"": ""2026-08-25"", ""Data_Status"": ""Verified"", ""Source_Sheet"": ""Beaches_Sea"", ""Source_Record_ID"": ""MASTER:PFO-A096"", ""Notes"": ""Private route may include Baths of Aphrodite, Saint George’s Island, Manolis Sea Caves, Blaji Bay and Fontana Amorosa."", ""Parsed_Open_Time"": 0.4305555555555556, ""Parsed_Close_Time"": 0.6458333333333334, ""Time_Parse_Confidence"": ""MEDIUM"", ""Time_Parse_Note"": ""Parsed explicit range from text: 10:20 to 15:30. Seasonal/multiple-session details may still require recheck."", ""Time_Slot_Usable"": ""Yes""}"
PFO-A097,Laourou Beach,C03,Sea & Beach,Beach,Verified,8,,90,Pegeia,"{""Activity_ID"": ""PFO-A097"", ""Activity_Name"": ""Laourou Beach"", ""Category"": ""Sea & Beach"", ""Subcategory"": ""Beach"", ""District"": ""Paphos"", ""Area"": ""Pegeia"", ""Full_Address_or_Access_Point"": ""Laourou Beach, Pegeia, Paphos"", ""Latitude"": 34.947941, ""Longitude"": 32.313164, ""Website"": ""https://www.visitcyprus.com/discover-cyprus/sun-sea/beaches/laourou-beach-blue-flag/"", ""Opening_Days"": ""Beach accessible year-round; lifeguards Apr–Oct"", ""Opening_Hours"": ""Daylight; lifeguard season Apr–Oct"", ""Typical_Duration_Min"": 90, ""Price_Range"": ""€"", ""Booking_Required"": ""No"", ""Heatwave_Suitable"": ""Yes"", ""Romantic_Score_1_10"": 8, ""Weather_Sensitivity"": ""Sea/weather conditions may vary"", ""Source_Primary"": ""https://www.visitcyprus.com/discover-cyprus/sun-sea/beaches/laourou-beach-blue-flag/"", ""Last_Verified"": ""2026-08-25"", ""Data_Status"": ""Verified"", ""Source_Sheet"": ""Beaches_Sea"", ""Source_Record_ID"": ""MASTER:PFO-A097"", ""Notes"": ""Golden sand, calm clean water, organised facilities and water sports."", ""Time_Parse_Confidence"": ""LOW"", ""Time_Parse_Note"": ""No explicit clock range; daylight/open-landmark logic only."", ""Time_Slot_Usable"": ""No""}"
PFO-A098,Coral Bay Beach,C03,Sea & Beach,Beach,Verified,9,,120,Pegeia / Coral Bay,"{""Activity_ID"": ""PFO-A098"", ""Activity_Name"": ""Coral Bay Beach"", ""Category"": ""Sea & Beach"", ""Subcategory"": ""Beach"", ""District"": ""Paphos"", ""Area"": ""Pegeia / Coral Bay"", ""Full_Address_or_Access_Point"": ""Coral Bay Beach, Pegeia, Paphos"", ""Latitude"": 34.854982, ""Longitude"": 32.368063, ""Website"": ""https://www.visitcyprus.com/discover-cyprus/sun-sea/beaches/coral-bay-beach-blue-flag/"", ""Opening_Days"": ""Beach accessible year-round; lifeguards Apr–Oct"", ""Opening_Hours"": ""Daylight; lifeguard season Apr–Oct"", ""Typical_Duration_Min"": 120, ""Price_Range"": ""€"", ""Booking_Required"": ""No"", ""Heatwave_Suitable"": ""Yes"", ""Romantic_Score_1_10"": 9, ""Weather_Sensitivity"": ""Sea conditions may vary; organised beach with water sports"", ""Source_Primary"": ""https://www.visitcyprus.com/discover-cyprus/sun-sea/beaches/coral-bay-beach-blue-flag/"", ""Last_Verified"": ""2026-08-25"", ""Data_Status"": ""Verified"", ""Source_Sheet"": ""Beaches_Sea"", ""Source_Record_ID"": ""MASTER:PFO-A098"", ""Notes"": ""Blue Flag beach; calm/shallow water, sunbeds, umbrellas, showers and water sports."", ""Time_Parse_Confidence"": ""LOW"", ""Time_Parse_Note"": ""No explicit clock range; daylight/open-landmark logic only."", ""Time_Slot_Usable"": ""No""}"
PFO-A099,Polis Chrysochous Municipal Beach,C05,Sea & Beach,Beach,Verified,8,,120,Polis Chrysochous,"{""Activity_ID"": ""PFO-A099"", ""Activity_Name"": ""Polis Chrysochous Municipal Beach"", ""Category"": ""Sea & Beach"", ""Subcategory"": ""Beach"", ""District"": ""Paphos"", ""Area"": ""Polis Chrysochous"", ""Full_Address_or_Access_Point"": ""Municipal Beach, Polis Chrysochous, Paphos"", ""Latitude"": 35.039105, ""Longitude"": 32.404179, ""Website"": ""https://www.visitcyprus.com/discover-cyprus/sun-sea/beaches/polis-chrysochous-municipal-beach-blue-flag/"", ""Opening_Days"": ""Beach accessible year-round; lifeguards Apr–Oct"", ""Opening_Hours"": ""Daylight; lifeguard season Apr–Oct"", ""Typical_Duration_Min"": 120, ""Price_Range"": ""€"", ""Booking_Required"": ""No"", ""Heatwave_Suitable"": ""Yes"", ""Romantic_Score_1_10"": 8, ""Weather_Sensitivity"": ""Generally calm; standard sea/weather variability"", ""Source_Primary"": ""https://www.visitcyprus.com/discover-cyprus/sun-sea/beaches/polis-chrysochous-municipal-beach-blue-flag/"", ""Last_Verified"": ""2026-08-25"", ""Data_Status"": ""Verified"", ""Source_Sheet"": ""Beaches_Sea"", ""Source_Record_ID"": ""MASTER:PFO-A099"", ""Notes"": ""Organised beach with water sports, restaurants and Seatrac accessibility."", ""Time_Parse_Confidence"": ""LOW"", ""Time_Parse_Note"": ""No explicit clock range; daylight/open-landmark logic only."", ""Time_Slot_Usable"": ""No""}"
PFO-A100,Akrotiri Pomou – Koskinas Beach,C06,Sea & Beach,Beach / NW Coast,Verified,9,8,90,Pomos,"{""Activity_ID"": ""PFO-A100"", ""Activity_Name"": ""Akrotiri Pomou – Koskinas Beach"", ""Category"": ""Sea & Beach"", ""Subcategory"": ""Beach / NW Coast"", ""District"": ""Paphos"", ""Area"": ""Pomos"", ""Full_Address_or_Access_Point"": ""Akrotiri Pomou – Koskinas, Pomos, Paphos"", ""Website"": ""https://www.visitcyprus.com/wp-content/uploads/2025/06/ACCESSIBLE-BEACHES-2025_EN-1.pdf"", ""Opening_Days"": ""Beach accessible seasonally/year-round depending weather"", ""Opening_Hours"": ""Daylight"", ""Typical_Duration_Min"": 90, ""Price_Range"": ""Free"", ""Booking_Required"": ""No"", ""Indoor_Outdoor_Both"": ""Outdoor"", ""Summer_Suitable"": ""Yes"", ""Winter_Suitable"": ""Yes"", ""Rain_Suitable"": ""No"", ""Heatwave_Suitable"": ""Conditional"", ""Sunset_Suitable"": ""Yes"", ""Romantic_Score_1_10"": 9, ""Authentic_Cyprus_Score_1_10"": 8, ""Couple_Style"": ""Relaxed"", ""Best_Time_of_Day"": ""Morning / late afternoon"", ""Weather_Sensitivity"": ""Sea/weather conditions"", ""Accessibility_or_Access_Notes"": ""Floating-wheelchair accessibility listed in official 2025 accessible-beaches guide"", ""Source_Primary"": ""https://www.visitcyprus.com/wp-content/uploads/2025/06/ACCESSIBLE-BEACHES-2025_EN-1.pdf"", ""Source_Secondary"": ""https://www.visitpafos.org.cy/?page_id=8513"", ""Last_Verified"": 46259, ""Data_Status"": ""Verified"", ""Source_Sheet"": ""New Research"", ""Source_Record_ID"": ""MASTER:PFO-A100"", ""Notes"": ""Adds far-NW beach coverage to the romantic planner."", ""Time_Parse_Confidence"": ""LOW"", ""Time_Parse_Note"": ""No explicit clock range; daylight/open-landmark logic only."", ""Time_Slot_Usable"": ""No""}"
PFO-A101,Cycling Route 2 – Diarizos Valley,C02,Sport & Active,Road Cycling,Verified,8,10,420,Diarizos Valley,"{""Activity_ID"": ""PFO-A101"", ""Activity_Name"": ""Cycling Route 2 – Diarizos Valley"", ""Category"": ""Sport & Active"", ""Subcategory"": ""Road Cycling"", ""District"": ""Paphos"", ""Area"": ""Diarizos Valley"", ""Full_Address_or_Access_Point"": ""Pafos–Acheleia–Timi–Anarita–Diarizos–Agios Nikolaos–Arsos–Dora–Kouklia–Pafos"", ""Website"": ""https://www.visitpafos.org.cy/active-pafos/cycling/"", ""Opening_Days"": ""Year-round; weather dependent"", ""Opening_Hours"": ""Daylight"", ""Typical_Duration_Min"": 420, ""Price_Range"": ""Free / rental extra"", ""Booking_Required"": ""No"", ""Indoor_Outdoor_Both"": ""Outdoor"", ""Summer_Suitable"": ""Yes"", ""Winter_Suitable"": ""Yes"", ""Rain_Suitable"": ""No"", ""Heatwave_Suitable"": ""No"", ""Sunset_Suitable"": ""Yes"", ""Romantic_Score_1_10"": 8, ""Authentic_Cyprus_Score_1_10"": 10, ""Couple_Style"": ""Active"", ""Best_Time_of_Day"": ""Morning"", ""Weather_Sensitivity"": ""Heat/traffic dependent"", ""Accessibility_or_Access_Notes"": ""105 km; +1560 m"", ""Source_Primary"": ""https://www.visitpafos.org.cy/active-pafos/cycling/"", ""Last_Verified"": 46259, ""Data_Status"": ""Verified"", ""Source_Sheet"": ""Final official-source enrichment"", ""Source_Record_ID"": ""MASTER:PFO-A101"", ""Notes"": ""Official route."", ""Time_Parse_Confidence"": ""LOW"", ""Time_Parse_Note"": ""No explicit clock range; daylight/open-landmark logic only."", ""Time_Slot_Usable"": ""No""}"
PFO-A102,Elea Golf Club,C02,Sport & Active,Golf / Golf Academy,Verified,9,6,240,Geroskipou / Elea,"{""Activity_ID"": ""PFO-A102"", ""Activity_Name"": ""Elea Golf Club"", ""Category"": ""Sport & Active"", ""Subcategory"": ""Golf / Golf Academy"", ""District"": ""Paphos"", ""Area"": ""Geroskipou / Elea"", ""Full_Address_or_Access_Point"": ""1 Eleon Avenue, 8310 Geroskipou, Paphos"", ""Website"": ""https://eleaestate.com/"", ""Phone"": ""+357 26 202001"", ""Opening_Days"": ""Daily"", ""Opening_Hours"": ""Course from 07:30; clubhouse/shop seasonal"", ""Typical_Duration_Min"": 240, ""Price_Range"": ""€€€"", ""Booking_Required"": ""Yes"", ""Indoor_Outdoor_Both"": ""Outdoor"", ""Summer_Suitable"": ""Yes"", ""Winter_Suitable"": ""Yes"", ""Rain_Suitable"": ""Conditional"", ""Heatwave_Suitable"": ""Conditional"", ""Sunset_Suitable"": ""Yes"", ""Romantic_Score_1_10"": 9, ""Authentic_Cyprus_Score_1_10"": 6, ""Couple_Style"": ""Active / Luxury"", ""Best_Time_of_Day"": ""Morning"", ""Weather_Sensitivity"": ""Weather dependent"", ""Accessibility_or_Access_Notes"": ""Par 71 Sir Nick Faldo-designed course"", ""Source_Primary"": ""https://eleaestate.com/contact/"", ""Source_Secondary"": ""https://www.visitpafos.org.cy/be-sporty/golf/"", ""Last_Verified"": 46259, ""Data_Status"": ""Verified"", ""Source_Sheet"": ""Final official-source enrichment"", ""Source_Record_ID"": ""MASTER:PFO-A102"", ""Notes"": ""One of four signature Pafos courses."", ""Time_Parse_Confidence"": ""LOW"", ""Time_Parse_Note"": ""Only one explicit time found (07:30); cannot establish full operating window."", ""Time_Slot_Usable"": ""No""}"
PFO-A103,Aphrodite Hills Golf Course & PGA National Academy,C02,Sport & Active,Golf / Golf Academy,Verified,9,7,120,Kouklia / Aphrodite Hills,"{""Activity_ID"": ""PFO-A103"", ""Activity_Name"": ""Aphrodite Hills Golf Course & PGA National Academy"", ""Category"": ""Sport & Active"", ""Subcategory"": ""Golf / Golf Academy"", ""District"": ""Paphos"", ""Area"": ""Kouklia / Aphrodite Hills"", ""Full_Address_or_Access_Point"": ""3 Aphrodite Avenue, Kouklia 8509, Paphos"", ""Website"": ""https://www.aphroditehills.com/golf/academy/"", ""Phone"": ""+357 26 828219"", ""Opening_Days"": ""By booking"", ""Opening_Hours"": ""Schedules by booking"", ""Typical_Duration_Min"": 120, ""Price_Range"": ""€€€"", ""Booking_Required"": ""Yes"", ""Indoor_Outdoor_Both"": ""Both"", ""Summer_Suitable"": ""Yes"", ""Winter_Suitable"": ""Yes"", ""Rain_Suitable"": ""Conditional"", ""Heatwave_Suitable"": ""Conditional"", ""Sunset_Suitable"": ""Yes"", ""Romantic_Score_1_10"": 9, ""Authentic_Cyprus_Score_1_10"": 7, ""Couple_Style"": ""Active / Luxury"", ""Best_Time_of_Day"": ""Morning / late afternoon"", ""Weather_Sensitivity"": ""Weather dependent"", ""Accessibility_or_Access_Notes"": ""PGA coaching; beginners welcome"", ""Source_Primary"": ""https://www.aphroditehills.com/golf/academy/"", ""Source_Secondary"": ""https://www.visitpafos.org.cy/be-sporty/golf/"", ""Last_Verified"": 46259, ""Data_Status"": ""Verified"", ""Source_Sheet"": ""Final official-source enrichment"", ""Source_Record_ID"": ""MASTER:PFO-A103"", ""Notes"": ""Official PGA academy and golf facility."", ""Time_Parse_Confidence"": ""LOW"", ""Time_Parse_Note"": ""Operator confirmation/booking required; no safe automatic time window."", ""Time_Slot_Usable"": ""No""}"
PFO-A104,Cycling Route 4 – Aphrodite's Birthplace,C02,Sport & Active,Road / Trekking Cycling,Verified,10,10,240,Kouklia / Petra tou Romiou,"{""Activity_ID"": ""PFO-A104"", ""Activity_Name"": ""Cycling Route 4 – Aphrodite's Birthplace"", ""Category"": ""Sport & Active"", ""Subcategory"": ""Road / Trekking Cycling"", ""District"": ""Paphos"", ""Area"": ""Kouklia / Petra tou Romiou"", ""Full_Address_or_Access_Point"": ""Pafos–Timi–Anarita–Petra tou Romiou–Pafos"", ""Website"": ""https://www.visitpafos.org.cy/active-pafos/cycling/"", ""Opening_Days"": ""Year-round; weather dependent"", ""Opening_Hours"": ""Daylight"", ""Typical_Duration_Min"": 240, ""Price_Range"": ""Free / rental extra"", ""Booking_Required"": ""No"", ""Indoor_Outdoor_Both"": ""Outdoor"", ""Summer_Suitable"": ""Yes"", ""Winter_Suitable"": ""Yes"", ""Rain_Suitable"": ""No"", ""Heatwave_Suitable"": ""No"", ""Sunset_Suitable"": ""Yes"", ""Romantic_Score_1_10"": 10, ""Authentic_Cyprus_Score_1_10"": 10, ""Couple_Style"": ""Active / Romantic"", ""Best_Time_of_Day"": ""Morning"", ""Weather_Sensitivity"": ""Heat/traffic dependent"", ""Accessibility_or_Access_Notes"": ""64 km; easy to moderate"", ""Source_Primary"": ""https://www.visitpafos.org.cy/active-pafos/cycling/"", ""Last_Verified"": 46259, ""Data_Status"": ""Verified"", ""Source_Sheet"": ""Final official-source enrichment"", ""Source_Record_ID"": ""MASTER:PFO-A104"", ""Notes"": ""Aphrodite-themed official route."", ""Time_Parse_Confidence"": ""LOW"", ""Time_Parse_Note"": ""No explicit clock range; daylight/open-landmark logic only."", ""Time_Slot_Usable"": ""No""}"
PFO-A105,Secret Valley Golf Club,C02,Sport & Active,Golf,Verified,9,6,240,Kouklia / Secret Valley,"{""Activity_ID"": ""PFO-A105"", ""Activity_Name"": ""Secret Valley Golf Club"", ""Category"": ""Sport & Active"", ""Subcategory"": ""Golf"", ""District"": ""Paphos"", ""Area"": ""Kouklia / Secret Valley"", ""Full_Address_or_Access_Point"": ""Secret Valley Golf Club, Kouklia 8510, Paphos"", ""Website"": ""https://www.secretvalleygolfresort.com/"", ""Phone"": ""+357 26 274000"", ""Opening_Days"": ""By booking"", ""Opening_Hours"": ""Tee time by booking"", ""Typical_Duration_Min"": 240, ""Price_Range"": ""€€€"", ""Booking_Required"": ""Yes"", ""Indoor_Outdoor_Both"": ""Outdoor"", ""Summer_Suitable"": ""Yes"", ""Winter_Suitable"": ""Yes"", ""Rain_Suitable"": ""Conditional"", ""Heatwave_Suitable"": ""Conditional"", ""Sunset_Suitable"": ""Yes"", ""Romantic_Score_1_10"": 9, ""Authentic_Cyprus_Score_1_10"": 6, ""Couple_Style"": ""Active / Scenic"", ""Best_Time_of_Day"": ""Morning"", ""Weather_Sensitivity"": ""Weather dependent"", ""Accessibility_or_Access_Notes"": ""18-hole championship course"", ""Source_Primary"": ""https://www.visitpafos.org.cy/be-sporty/golf/"", ""Source_Secondary"": ""https://www.secretvalleygolfresort.com/"", ""Last_Verified"": 46259, ""Data_Status"": ""Verified"", ""Source_Sheet"": ""Final official-source enrichment"", ""Source_Record_ID"": ""MASTER:PFO-A105"", ""Notes"": ""Officially promoted signature golf course."", ""Time_Parse_Confidence"": ""LOW"", ""Time_Parse_Note"": ""Operator confirmation/booking required; no safe automatic time window."", ""Time_Slot_Usable"": ""No""}"
PFO-A106,Eagle Mountain Ranch Horse Trek,C08,Sport & Active,Horse Riding,Verified,10,8,90,Mesogi,"{""Activity_ID"": ""PFO-A106"", ""Activity_Name"": ""Eagle Mountain Ranch Horse Trek"", ""Category"": ""Sport & Active"", ""Subcategory"": ""Horse Riding"", ""District"": ""Paphos"", ""Area"": ""Mesogi"", ""Full_Address_or_Access_Point"": ""34 Evagora Pallikaride, Mesogi 8280, Paphos"", ""Website"": ""https://www.horseridingpaphos.com/"", ""Phone"": ""+357 96 589824 / +357 96 510450"", ""Opening_Days"": ""By reservation"", ""Opening_Hours"": ""Ride times by booking"", ""Typical_Duration_Min"": 90, ""Price_Range"": ""€€"", ""Booking_Required"": ""Yes"", ""Indoor_Outdoor_Both"": ""Outdoor"", ""Summer_Suitable"": ""Yes"", ""Winter_Suitable"": ""Yes"", ""Rain_Suitable"": ""No"", ""Heatwave_Suitable"": ""Conditional"", ""Sunset_Suitable"": ""Yes"", ""Romantic_Score_1_10"": 10, ""Authentic_Cyprus_Score_1_10"": 8, ""Couple_Style"": ""Adventure / Romantic"", ""Best_Time_of_Day"": ""Morning / late afternoon"", ""Weather_Sensitivity"": ""Heat/weather sensitive"", ""Accessibility_or_Access_Notes"": ""Height/weight/riding experience requested"", ""Source_Primary"": ""https://www.horseridingpaphos.com/"", ""Source_Secondary"": ""https://www.visitpafos.org.cy/wedding-bliss/fun-relaxing/"", ""Last_Verified"": 46259, ""Data_Status"": ""Verified"", ""Source_Sheet"": ""Final official-source enrichment"", ""Source_Record_ID"": ""MASTER:PFO-A106"", ""Notes"": ""Official operator; 1.5 h / 2 h treks."", ""Time_Parse_Confidence"": ""LOW"", ""Time_Parse_Note"": ""Operator confirmation/booking required; no safe automatic time window."", ""Time_Slot_Usable"": ""No""}"
PFO-A107,Cycling Route 3 – Panagia & Vineyards,C09,Sport & Active,Road Cycling,Verified,9,10,360,Panagia / Statos–Agios Fotios,"{""Activity_ID"": ""PFO-A107"", ""Activity_Name"": ""Cycling Route 3 – Panagia & Vineyards"", ""Category"": ""Sport & Active"", ""Subcategory"": ""Road Cycling"", ""District"": ""Paphos"", ""Area"": ""Panagia / Statos–Agios Fotios"", ""Full_Address_or_Access_Point"": ""Pafos–Panagia–Statos-Agios Fotios–Choulou–Letymbou–Tsada–Pafos"", ""Website"": ""https://www.visitpafos.org.cy/active-pafos/cycling/"", ""Opening_Days"": ""Year-round; weather dependent"", ""Opening_Hours"": ""Daylight"", ""Typical_Duration_Min"": 360, ""Price_Range"": ""Free / rental extra"", ""Booking_Required"": ""No"", ""Indoor_Outdoor_Both"": ""Outdoor"", ""Summer_Suitable"": ""Yes"", ""Winter_Suitable"": ""Yes"", ""Rain_Suitable"": ""No"", ""Heatwave_Suitable"": ""No"", ""Sunset_Suitable"": ""Yes"", ""Romantic_Score_1_10"": 9, ""Authentic_Cyprus_Score_1_10"": 10, ""Couple_Style"": ""Active"", ""Best_Time_of_Day"": ""Morning"", ""Weather_Sensitivity"": ""Heat/traffic dependent"", ""Accessibility_or_Access_Notes"": ""80 km; +1760 m"", ""Source_Primary"": ""https://www.visitpafos.org.cy/active-pafos/cycling/"", ""Last_Verified"": 46259, ""Data_Status"": ""Verified"", ""Source_Sheet"": ""Final official-source enrichment"", ""Source_Record_ID"": ""MASTER:PFO-A107"", ""Notes"": ""Official mountain/vineyard route."", ""Time_Parse_Confidence"": ""LOW"", ""Time_Parse_Note"": ""No explicit clock range; daylight/open-landmark logic only."", ""Time_Slot_Usable"": ""No""}"
PFO-A108,Cycling Route 6 – Pegeia to Akamas,C03,Sport & Active,Mountain Biking,Verified,9,10,330,Pegeia–Akamas–Polis,"{""Activity_ID"": ""PFO-A108"", ""Activity_Name"": ""Cycling Route 6 – Pegeia to Akamas"", ""Category"": ""Sport & Active"", ""Subcategory"": ""Mountain Biking"", ""District"": ""Paphos"", ""Area"": ""Pegeia–Akamas–Polis"", ""Full_Address_or_Access_Point"": ""Pegeia–Akamas–Fontana Amorosa–Polis"", ""Website"": ""https://www.visitpafos.org.cy/active-pafos/cycling/"", ""Opening_Days"": ""Year-round; weather dependent"", ""Opening_Hours"": ""Daylight"", ""Typical_Duration_Min"": 330, ""Price_Range"": ""Free / rental extra"", ""Booking_Required"": ""No"", ""Indoor_Outdoor_Both"": ""Outdoor"", ""Summer_Suitable"": ""Yes"", ""Winter_Suitable"": ""Yes"", ""Rain_Suitable"": ""No"", ""Heatwave_Suitable"": ""No"", ""Sunset_Suitable"": ""Yes"", ""Romantic_Score_1_10"": 9, ""Authentic_Cyprus_Score_1_10"": 10, ""Couple_Style"": ""Adventure"", ""Best_Time_of_Day"": ""Morning"", ""Weather_Sensitivity"": ""Remote/high difficulty/heat"", ""Accessibility_or_Access_Notes"": ""53.6 km; +720 m"", ""Source_Primary"": ""https://www.visitpafos.org.cy/active-pafos/cycling/"", ""Last_Verified"": 46259, ""Data_Status"": ""Verified"", ""Source_Sheet"": ""Final official-source enrichment"", ""Source_Record_ID"": ""MASTER:PFO-A108"", ""Notes"": ""Includes Sea Caves, EDRO III, Avakas and Lara."", ""Time_Parse_Confidence"": ""LOW"", ""Time_Parse_Note"": ""No explicit clock range; daylight/open-landmark logic only."", ""Time_Slot_Usable"": ""No""}"
PFO-A109,Cycling Route 1 – Panorama & Countryside,C03,Sport & Active,Road Cycling,Verified,9,10,300,Pegeia–Kathikas–Droushia–Polemi–Tsada,"{""Activity_ID"": ""PFO-A109"", ""Activity_Name"": ""Cycling Route 1 – Panorama & Countryside"", ""Category"": ""Sport & Active"", ""Subcategory"": ""Road Cycling"", ""District"": ""Paphos"", ""Area"": ""Pegeia–Kathikas–Droushia–Polemi–Tsada"", ""Full_Address_or_Access_Point"": ""Official circular Pafos route"", ""Website"": ""https://www.visitpafos.org.cy/active-pafos/cycling/"", ""Opening_Days"": ""Year-round; weather dependent"", ""Opening_Hours"": ""Daylight"", ""Typical_Duration_Min"": 300, ""Price_Range"": ""Free / rental extra"", ""Booking_Required"": ""No"", ""Indoor_Outdoor_Both"": ""Outdoor"", ""Summer_Suitable"": ""Yes"", ""Winter_Suitable"": ""Yes"", ""Rain_Suitable"": ""No"", ""Heatwave_Suitable"": ""No"", ""Sunset_Suitable"": ""Yes"", ""Romantic_Score_1_10"": 9, ""Authentic_Cyprus_Score_1_10"": 10, ""Couple_Style"": ""Active"", ""Best_Time_of_Day"": ""Morning"", ""Weather_Sensitivity"": ""Heat/traffic dependent"", ""Accessibility_or_Access_Notes"": ""77 km; +1260 m; challenging"", ""Source_Primary"": ""https://www.visitpafos.org.cy/active-pafos/cycling/"", ""Last_Verified"": 46259, ""Data_Status"": ""Verified"", ""Source_Sheet"": ""Final official-source enrichment"", ""Source_Record_ID"": ""MASTER:PFO-A109"", ""Notes"": ""Official route."", ""Time_Parse_Confidence"": ""LOW"", ""Time_Parse_Note"": ""No explicit clock range; daylight/open-landmark logic only."", ""Time_Slot_Usable"": ""No""}"
PFO-A110,Cycling Route 7 – Polis–Argaka–Pomos–Gialia,C05,Sport & Active,Coastal Cycling,Verified,9,9,210,Polis / Argaka / Pomos / Gialia,"{""Activity_ID"": ""PFO-A110"", ""Activity_Name"": ""Cycling Route 7 – Polis–Argaka–Pomos–Gialia"", ""Category"": ""Sport & Active"", ""Subcategory"": ""Coastal Cycling"", ""District"": ""Paphos"", ""Area"": ""Polis / Argaka / Pomos / Gialia"", ""Full_Address_or_Access_Point"": ""Polis–Argaka–Pomos–Gialia–Polis"", ""Website"": ""https://www.visitpafos.org.cy/active-pafos/cycling/"", ""Opening_Days"": ""Year-round; weather dependent"", ""Opening_Hours"": ""Daylight"", ""Typical_Duration_Min"": 210, ""Price_Range"": ""Free / rental extra"", ""Booking_Required"": ""No"", ""Indoor_Outdoor_Both"": ""Outdoor"", ""Summer_Suitable"": ""Yes"", ""Winter_Suitable"": ""Yes"", ""Rain_Suitable"": ""No"", ""Heatwave_Suitable"": ""No"", ""Sunset_Suitable"": ""Yes"", ""Romantic_Score_1_10"": 9, ""Authentic_Cyprus_Score_1_10"": 9, ""Couple_Style"": ""Active / Relaxed"", ""Best_Time_of_Day"": ""Morning / late afternoon"", ""Weather_Sensitivity"": ""Traffic/heat"", ""Accessibility_or_Access_Notes"": ""42.6 km; +300 m; low difficulty"", ""Source_Primary"": ""https://www.visitpafos.org.cy/active-pafos/cycling/"", ""Last_Verified"": 46259, ""Data_Status"": ""Verified"", ""Source_Sheet"": ""Final official-source enrichment"", ""Source_Record_ID"": ""MASTER:PFO-A110"", ""Notes"": ""Official far-NW coastal route."", ""Time_Parse_Confidence"": ""LOW"", ""Time_Parse_Note"": ""No explicit clock range; daylight/open-landmark logic only."", ""Time_Slot_Usable"": ""No""}"
PFO-A111,Cycling Route 5 – Polis to Fontana Amorosa,C05,Sport & Active,Mountain Biking,Verified,10,10,240,Polis–Neo Chorio–Akamas,"{""Activity_ID"": ""PFO-A111"", ""Activity_Name"": ""Cycling Route 5 – Polis to Fontana Amorosa"", ""Category"": ""Sport & Active"", ""Subcategory"": ""Mountain Biking"", ""District"": ""Paphos"", ""Area"": ""Polis–Neo Chorio–Akamas"", ""Full_Address_or_Access_Point"": ""Polis–Neo Chorio–Fontana Amorosa–Polis"", ""Website"": ""https://www.visitpafos.org.cy/active-pafos/cycling/"", ""Opening_Days"": ""Year-round; weather dependent"", ""Opening_Hours"": ""Daylight"", ""Typical_Duration_Min"": 240, ""Price_Range"": ""Free / rental extra"", ""Booking_Required"": ""No"", ""Indoor_Outdoor_Both"": ""Outdoor"", ""Summer_Suitable"": ""Yes"", ""Winter_Suitable"": ""Yes"", ""Rain_Suitable"": ""No"", ""Heatwave_Suitable"": ""No"", ""Sunset_Suitable"": ""Yes"", ""Romantic_Score_1_10"": 10, ""Authentic_Cyprus_Score_1_10"": 10, ""Couple_Style"": ""Active / Adventure"", ""Best_Time_of_Day"": ""Morning"", ""Weather_Sensitivity"": ""Remote/heat/terrain"", ""Accessibility_or_Access_Notes"": ""36.5 km; +590 m; medium"", ""Source_Primary"": ""https://www.visitpafos.org.cy/active-pafos/cycling/"", ""Last_Verified"": 46259, ""Data_Status"": ""Verified"", ""Source_Sheet"": ""Final official-source enrichment"", ""Source_Record_ID"": ""MASTER:PFO-A111"", ""Notes"": ""Fontana Amorosa + Baths of Aphrodite."", ""Time_Parse_Confidence"": ""LOW"", ""Time_Parse_Note"": ""No explicit clock range; daylight/open-landmark logic only."", ""Time_Slot_Usable"": ""No""}"
PFO-A112,Cycling Route 8 – Polis to Stavros tis Psokas,C05,Sport & Active,Road Cycling,Verified,8,10,480,Polis–Pomos–Paphos Forest,"{""Activity_ID"": ""PFO-A112"", ""Activity_Name"": ""Cycling Route 8 – Polis to Stavros tis Psokas"", ""Category"": ""Sport & Active"", ""Subcategory"": ""Road Cycling"", ""District"": ""Paphos"", ""Area"": ""Polis–Pomos–Paphos Forest"", ""Full_Address_or_Access_Point"": ""Polis–Pomos–Stavros tis Psokas–Polis"", ""Website"": ""https://www.visitpafos.org.cy/active-pafos/cycling/"", ""Opening_Days"": ""Year-round; road/weather dependent"", ""Opening_Hours"": ""Daylight"", ""Typical_Duration_Min"": 480, ""Price_Range"": ""Free / rental extra"", ""Booking_Required"": ""No"", ""Indoor_Outdoor_Both"": ""Outdoor"", ""Summer_Suitable"": ""Conditional"", ""Winter_Suitable"": ""Yes"", ""Rain_Suitable"": ""No"", ""Heatwave_Suitable"": ""No"", ""Sunset_Suitable"": ""Yes"", ""Romantic_Score_1_10"": 8, ""Authentic_Cyprus_Score_1_10"": 10, ""Couple_Style"": ""Adventure"", ""Best_Time_of_Day"": ""Morning"", ""Weather_Sensitivity"": ""Very demanding / remote"", ""Accessibility_or_Access_Notes"": ""91.9 km; +1840 m"", ""Source_Primary"": ""https://www.visitpafos.org.cy/active-pafos/cycling/"", ""Last_Verified"": 46259, ""Data_Status"": ""Verified"", ""Source_Sheet"": ""Final official-source enrichment"", ""Source_Record_ID"": ""MASTER:PFO-A112"", ""Notes"": ""Experienced cyclists only."", ""Time_Parse_Confidence"": ""LOW"", ""Time_Parse_Note"": ""No explicit clock range; daylight/open-landmark logic only."", ""Time_Slot_Usable"": ""No""}"
PFO-A113,Minthis Golf Club & Academy,C08,Sport & Active,Golf / Golf Academy,Verified,10,7,120,Tsada,"{""Activity_ID"": ""PFO-A113"", ""Activity_Name"": ""Minthis Golf Club & Academy"", ""Category"": ""Sport & Active"", ""Subcategory"": ""Golf / Golf Academy"", ""District"": ""Paphos"", ""Area"": ""Tsada"", ""Full_Address_or_Access_Point"": ""Minthis Resort, Tsada 8540, Paphos"", ""Website"": ""https://www.minthisresort.com/resort/golf-club/"", ""Phone"": ""+357 26 842200"", ""Opening_Days"": ""Daily"", ""Opening_Hours"": ""Golf Club 07:00–18:30; lessons by booking"", ""Typical_Duration_Min"": 120, ""Price_Range"": ""€€€"", ""Booking_Required"": ""Yes"", ""Indoor_Outdoor_Both"": ""Outdoor"", ""Summer_Suitable"": ""Yes"", ""Winter_Suitable"": ""Yes"", ""Rain_Suitable"": ""Conditional"", ""Heatwave_Suitable"": ""Conditional"", ""Sunset_Suitable"": ""Yes"", ""Romantic_Score_1_10"": 10, ""Authentic_Cyprus_Score_1_10"": 7, ""Couple_Style"": ""Active / Luxury"", ""Best_Time_of_Day"": ""Morning / late afternoon"", ""Weather_Sensitivity"": ""Weather dependent"", ""Accessibility_or_Access_Notes"": ""18-hole course plus academy"", ""Source_Primary"": ""https://www.minthisresort.com/resort/golf-club/"", ""Source_Secondary"": ""https://www.visitpafos.org.cy/be-sporty/golf/"", ""Last_Verified"": 46259, ""Data_Status"": ""Verified"", ""Source_Sheet"": ""Final official-source enrichment"", ""Source_Record_ID"": ""MASTER:PFO-A113"", ""Notes"": ""Private lessons and academy course available."", ""Parsed_Open_Time"": 0.2916666666666667, ""Parsed_Close_Time"": 0.7708333333333334, ""Time_Parse_Confidence"": ""MEDIUM"", ""Time_Parse_Note"": ""Parsed explicit range from text: 07:00 to 18:30. Seasonal/multiple-session details may still require recheck."", ""Time_Slot_Usable"": ""Yes""}"
PFO-A114,Almyraspa – Couples Wellness / Taste of the Sea,C01,Wellness,Couples Spa / Massage,Verified,10,5,90,Kato Paphos,"{""Activity_ID"": ""PFO-A114"", ""Activity_Name"": ""Almyraspa – Couples Wellness / Taste of the Sea"", ""Category"": ""Wellness"", ""Subcategory"": ""Couples Spa / Massage"", ""District"": ""Paphos"", ""Area"": ""Kato Paphos"", ""Full_Address_or_Access_Point"": ""Almyra, 12 Poseidonos Avenue, 8042 Paphos"", ""Website"": ""https://www.almyra.com/wellness/overview"", ""Phone"": ""+357 26 888720"", ""Opening_Days"": ""Daily"", ""Opening_Hours"": ""08:00–20:00; treatments from 10:00"", ""Typical_Duration_Min"": 90, ""Price_Range"": ""€€€"", ""Booking_Required"": ""Yes"", ""Indoor_Outdoor_Both"": ""Indoor"", ""Summer_Suitable"": ""Yes"", ""Winter_Suitable"": ""Yes"", ""Rain_Suitable"": ""Yes"", ""Heatwave_Suitable"": ""Yes"", ""Sunset_Suitable"": ""No"", ""Romantic_Score_1_10"": 10, ""Authentic_Cyprus_Score_1_10"": 5, ""Couple_Style"": ""Wellness / Luxury"", ""Best_Time_of_Day"": ""Afternoon"", ""Weather_Sensitivity"": ""Weather independent"", ""Accessibility_or_Access_Notes"": ""Adults 16+; pre-booking recommended"", ""Source_Primary"": ""https://www.almyra.com/wellness/overview"", ""Source_Secondary"": ""https://www.almyra.com/faq"", ""Last_Verified"": 46259, ""Data_Status"": ""Verified"", ""Source_Sheet"": ""Final official-source enrichment"", ""Source_Record_ID"": ""MASTER:PFO-A114"", ""Notes"": ""Official page lists pampering for two."", ""Parsed_Open_Time"": 0.3333333333333333, ""Parsed_Close_Time"": 0.8333333333333334, ""Time_Parse_Confidence"": ""MEDIUM"", ""Time_Parse_Note"": ""Parsed explicit range from text: 08:00 to 20:00. Seasonal/multiple-session details may still require recheck."", ""Time_Slot_Usable"": ""Yes""}"
PFO-A115,Elysium O'Spa Experience,C01,Wellness,Spa / Wellness,Verified,10,5,120,Kato Paphos,"{""Activity_ID"": ""PFO-A115"", ""Activity_Name"": ""Elysium O'Spa Experience"", ""Category"": ""Wellness"", ""Subcategory"": ""Spa / Wellness"", ""District"": ""Paphos"", ""Area"": ""Kato Paphos"", ""Full_Address_or_Access_Point"": ""Elysium Hotel, Queen Verenikis Street, 8045 Paphos"", ""Website"": ""https://www.elysium-hotel.com/spa/"", ""Phone"": ""+357 26 844513"", ""Opening_Days"": ""Daily"", ""Opening_Hours"": ""By treatment reservation"", ""Typical_Duration_Min"": 120, ""Price_Range"": ""€€€"", ""Booking_Required"": ""Yes"", ""Indoor_Outdoor_Both"": ""Indoor"", ""Summer_Suitable"": ""Yes"", ""Winter_Suitable"": ""Yes"", ""Rain_Suitable"": ""Yes"", ""Heatwave_Suitable"": ""Yes"", ""Sunset_Suitable"": ""No"", ""Romantic_Score_1_10"": 10, ""Authentic_Cyprus_Score_1_10"": 5, ""Couple_Style"": ""Wellness / Luxury"", ""Best_Time_of_Day"": ""Afternoon"", ""Weather_Sensitivity"": ""Weather independent"", ""Accessibility_or_Access_Notes"": ""Spa/heat areas generally 16+"", ""Source_Primary"": ""https://www.elysium-hotel.com/spa/"", ""Source_Secondary"": ""https://www.elysium-hotel.com/spa/spa-enquiry/"", ""Last_Verified"": 46259, ""Data_Status"": ""Verified"", ""Source_Sheet"": ""Final official-source enrichment"", ""Source_Record_ID"": ""MASTER:PFO-A115"", ""Notes"": ""Core Kato Paphos spa option."", ""Time_Parse_Confidence"": ""LOW"", ""Time_Parse_Note"": ""No parsable operating window."", ""Time_Slot_Usable"": ""No""}"
PFO-A116,Miliou Sulphur Springs / Agioi Anargyroi,C04,Wellness,Sulphur Springs / Heritage,Verified,9,10,45,Miliou,"{""Activity_ID"": ""PFO-A116"", ""Activity_Name"": ""Miliou Sulphur Springs / Agioi Anargyroi"", ""Category"": ""Wellness"", ""Subcategory"": ""Sulphur Springs / Heritage"", ""District"": ""Paphos"", ""Area"": ""Miliou"", ""Full_Address_or_Access_Point"": ""Agioi Anargyroi area, Miliou village, Paphos"", ""Website"": ""https://www.visitpafos.org.cy/points-of-interest/agioi-anargyroi-church-miliou-village/"", ""Opening_Days"": ""Natural springs; public access/use conditions vary by exact site"", ""Opening_Hours"": ""Daytime"", ""Typical_Duration_Min"": 45, ""Price_Range"": ""Free / varies"", ""Booking_Required"": ""No"", ""Indoor_Outdoor_Both"": ""Outdoor / Wellness"", ""Summer_Suitable"": ""Yes"", ""Winter_Suitable"": ""Yes"", ""Rain_Suitable"": ""Yes"", ""Heatwave_Suitable"": ""Yes"", ""Sunset_Suitable"": ""No"", ""Romantic_Score_1_10"": 9, ""Authentic_Cyprus_Score_1_10"": 10, ""Couple_Style"": ""Wellness / Authentic Cyprus"", ""Best_Time_of_Day"": ""Morning / afternoon"", ""Weather_Sensitivity"": ""Do not imply medical benefit; spa use should be booked through a current operator"", ""Accessibility_or_Access_Notes"": ""ETAP confirms sulphur springs in Miliou and their historic association with Agioi Anargyroi"", ""Source_Primary"": ""https://www.visitpafos.org.cy/points-of-interest/agioi-anargyroi-church-miliou-village/"", ""Source_Secondary"": ""https://www.visitpafos.org.cy/the-real-thing/rural-pafos/?lang=el"", ""Last_Verified"": 46259, ""Data_Status"": ""Verified"", ""Source_Sheet"": ""Water_Features"", ""Source_Record_ID"": ""MASTER:PFO-A116"", ""Notes"": ""Useful spring/wellness heritage record. Any bathing/thermal-spa service should be treated as a separate operator experience and verified before recommendation."", ""Time_Parse_Confidence"": ""LOW"", ""Time_Parse_Note"": ""No parsable operating window."", ""Time_Slot_Usable"": ""No""}"
PFO-A117,Secret Forest Thermal & Wellness Experience,C04,Wellness,Thermal Pools / Spa,Verified,10,9,120,Miliou,"{""Activity_ID"": ""PFO-A117"", ""Activity_Name"": ""Secret Forest Thermal & Wellness Experience"", ""Category"": ""Wellness"", ""Subcategory"": ""Thermal Pools / Spa"", ""District"": ""Paphos"", ""Area"": ""Miliou"", ""Full_Address_or_Access_Point"": ""Secret Forest Wellness Retreat, Miliou"", ""Website"": ""https://secretfo.rest/en/"", ""Opening_Days"": ""All year"", ""Opening_Hours"": ""Open 365 days; sessions by reservation"", ""Typical_Duration_Min"": 120, ""Price_Range"": ""€€€"", ""Booking_Required"": ""Yes"", ""Indoor_Outdoor_Both"": ""Both"", ""Summer_Suitable"": ""Yes"", ""Winter_Suitable"": ""Yes"", ""Rain_Suitable"": ""Yes"", ""Heatwave_Suitable"": ""Yes"", ""Sunset_Suitable"": ""No"", ""Romantic_Score_1_10"": 10, ""Authentic_Cyprus_Score_1_10"": 9, ""Couple_Style"": ""Wellness / Nature"", ""Best_Time_of_Day"": ""Afternoon"", ""Weather_Sensitivity"": ""Low weather sensitivity"", ""Accessibility_or_Access_Notes"": ""Confirm day-use if not staying"", ""Source_Primary"": ""https://secretfo.rest/en/"", ""Source_Secondary"": ""https://secretfo.rest/en/miliou/"", ""Last_Verified"": 46259, ""Data_Status"": ""Verified"", ""Source_Sheet"": ""Final official-source enrichment"", ""Source_Record_ID"": ""MASTER:PFO-A117"", ""Notes"": ""Thermal sulphur pools; no medical claims."", ""Time_Parse_Confidence"": ""LOW"", ""Time_Parse_Note"": ""No parsable operating window."", ""Time_Slot_Usable"": ""No""}"
PFO-A118,Minthis Spa Wellness Experience,C08,Wellness,Spa / Wellness Sanctuary,Verified,10,7,120,Tsada,"{""Activity_ID"": ""PFO-A118"", ""Activity_Name"": ""Minthis Spa Wellness Experience"", ""Category"": ""Wellness"", ""Subcategory"": ""Spa / Wellness Sanctuary"", ""District"": ""Paphos"", ""Area"": ""Tsada"", ""Full_Address_or_Access_Point"": ""Minthis Resort, Tsada 8540, Paphos"", ""Website"": ""https://www.minthisresort.com/"", ""Phone"": ""+357 26 842299"", ""Opening_Days"": ""Daily"", ""Opening_Hours"": ""07:00–21:00"", ""Typical_Duration_Min"": 120, ""Price_Range"": ""€€€"", ""Booking_Required"": ""Yes"", ""Indoor_Outdoor_Both"": ""Indoor"", ""Summer_Suitable"": ""Yes"", ""Winter_Suitable"": ""Yes"", ""Rain_Suitable"": ""Yes"", ""Heatwave_Suitable"": ""Yes"", ""Sunset_Suitable"": ""No"", ""Romantic_Score_1_10"": 10, ""Authentic_Cyprus_Score_1_10"": 7, ""Couple_Style"": ""Wellness / Luxury"", ""Best_Time_of_Day"": ""Afternoon"", ""Weather_Sensitivity"": ""Weather independent"", ""Accessibility_or_Access_Notes"": ""Book treatment"", ""Source_Primary"": ""https://www.minthisresort.com/contact/"", ""Source_Secondary"": ""https://www.minthisresort.com/destination/"", ""Last_Verified"": 46259, ""Data_Status"": ""Verified"", ""Source_Sheet"": ""Final official-source enrichment"", ""Source_Record_ID"": ""MASTER:PFO-A118"", ""Notes"": ""Hilltop wellness sanctuary."", ""Parsed_Open_Time"": 0.2916666666666667, ""Parsed_Close_Time"": 0.875, ""Time_Parse_Confidence"": ""MEDIUM"", ""Time_Parse_Note"": ""Parsed explicit range from text: 07:00 to 21:00. Seasonal/multiple-session details may still require recheck."", ""Time_Slot_Usable"": ""Yes""}"
PFO-A119,Vouni Panayia Winery – Cellar & Tasting Experience,C09,Food & Wine,Winery / Tasting,Needs Recheck,9,10,75,Pano Panagia,"{""Activity_ID"": ""PFO-A119"", ""Activity_Name"": ""Vouni Panayia Winery – Cellar & Tasting Experience"", ""Category"": ""Food & Wine"", ""Subcategory"": ""Winery / Tasting"", ""District"": ""Paphos"", ""Area"": ""Pano Panagia"", ""Full_Address_or_Access_Point"": ""Vouni Panayia Winery, Panagia"", ""Website"": ""https://www.visitpafos.org.cy/off-the-beaten-track/wineries/"", ""Opening_Days"": ""Visitor operations to confirm directly"", ""Opening_Hours"": ""Tasting/visit hours vary by winery"", ""Typical_Duration_Min"": 75, ""Price_Range"": ""Unknown"", ""Booking_Required"": ""Yes"", ""Indoor_Outdoor_Both"": ""Both"", ""Summer_Suitable"": ""Yes"", ""Winter_Suitable"": ""Yes"", ""Rain_Suitable"": ""Conditional"", ""Heatwave_Suitable"": ""Conditional"", ""Sunset_Suitable"": ""No"", ""Romantic_Score_1_10"": 9, ""Authentic_Cyprus_Score_1_10"": 10, ""Couple_Style"": ""Food & Wine / Authentic Cyprus"", ""Best_Time_of_Day"": ""Late morning / afternoon"", ""Weather_Sensitivity"": ""Operator hours and tasting schedule"", ""Accessibility_or_Access_Notes"": ""Mountain/village roads; advance confirmation recommended"", ""Source_Primary"": ""https://www.visitpafos.org.cy/off-the-beaten-track/wineries/"", ""Last_Verified"": 46261, ""Data_Status"": ""Needs Recheck"", ""Source_Sheet"": ""Coverage Expansion v32"", ""Source_Record_ID"": ""MASTER:PFO-A119"", ""Notes"": ""Official Visit Pafos confirms the winery/wine heritage stop; current direct operator schedule still needs confirmation."", ""Time_Parse_Confidence"": ""LOW"", ""Time_Parse_Note"": ""No safe universal clock range; verify operational details per itinerary date."", ""Time_Slot_Usable"": ""No""}"
PFO-A120,Avakas Winery – Statos–Agios Fotios,C10,Food & Wine,Winery / Tasting,Needs Recheck,9,10,75,Statos–Agios Fotios,"{""Activity_ID"": ""PFO-A120"", ""Activity_Name"": ""Avakas Winery – Statos–Agios Fotios"", ""Category"": ""Food & Wine"", ""Subcategory"": ""Winery / Tasting"", ""District"": ""Paphos"", ""Area"": ""Statos–Agios Fotios"", ""Full_Address_or_Access_Point"": ""Statos–Agios Fotios village"", ""Website"": ""https://www.visitpafos.org.cy/off-the-beaten-track/wineries/"", ""Opening_Days"": ""Visitor operations to confirm directly"", ""Opening_Hours"": ""Tasting/visit hours vary by winery"", ""Typical_Duration_Min"": 75, ""Price_Range"": ""Unknown"", ""Booking_Required"": ""Yes"", ""Indoor_Outdoor_Both"": ""Both"", ""Summer_Suitable"": ""Yes"", ""Winter_Suitable"": ""Yes"", ""Rain_Suitable"": ""Conditional"", ""Heatwave_Suitable"": ""Conditional"", ""Sunset_Suitable"": ""No"", ""Romantic_Score_1_10"": 9, ""Authentic_Cyprus_Score_1_10"": 10, ""Couple_Style"": ""Food & Wine / Authentic Cyprus"", ""Best_Time_of_Day"": ""Late morning / afternoon"", ""Weather_Sensitivity"": ""Operator hours and tasting schedule"", ""Accessibility_or_Access_Notes"": ""Mountain/village roads; advance confirmation recommended"", ""Source_Primary"": ""https://www.visitpafos.org.cy/off-the-beaten-track/wineries/"", ""Last_Verified"": 46261, ""Data_Status"": ""Needs Recheck"", ""Source_Sheet"": ""Coverage Expansion v32"", ""Source_Record_ID"": ""MASTER:PFO-A120"", ""Notes"": ""Official Visit Pafos confirms the winery/wine heritage stop; current direct operator schedule still needs confirmation."", ""Time_Parse_Confidence"": ""LOW"", ""Time_Parse_Note"": ""No safe universal clock range; verify operational details per itinerary date."", ""Time_Slot_Usable"": ""No""}"
PFO-A121,Amforeas Winery – Statos–Agios Fotios,C10,Food & Wine,Winery / Tasting,Needs Recheck,9,10,75,Statos–Agios Fotios,"{""Activity_ID"": ""PFO-A121"", ""Activity_Name"": ""Amforeas Winery – Statos–Agios Fotios"", ""Category"": ""Food & Wine"", ""Subcategory"": ""Winery / Tasting"", ""District"": ""Paphos"", ""Area"": ""Statos–Agios Fotios"", ""Full_Address_or_Access_Point"": ""Statos–Agios Fotios village"", ""Website"": ""https://www.visitpafos.org.cy/off-the-beaten-track/wineries/"", ""Opening_Days"": ""Visitor operations to confirm directly"", ""Opening_Hours"": ""Tasting/visit hours vary by winery"", ""Typical_Duration_Min"": 75, ""Price_Range"": ""Unknown"", ""Booking_Required"": ""Yes"", ""Indoor_Outdoor_Both"": ""Both"", ""Summer_Suitable"": ""Yes"", ""Winter_Suitable"": ""Yes"", ""Rain_Suitable"": ""Conditional"", ""Heatwave_Suitable"": ""Conditional"", ""Sunset_Suitable"": ""No"", ""Romantic_Score_1_10"": 9, ""Authentic_Cyprus_Score_1_10"": 10, ""Couple_Style"": ""Food & Wine / Authentic Cyprus"", ""Best_Time_of_Day"": ""Late morning / afternoon"", ""Weather_Sensitivity"": ""Operator hours and tasting schedule"", ""Accessibility_or_Access_Notes"": ""Mountain/village roads; advance confirmation recommended"", ""Source_Primary"": ""https://www.visitpafos.org.cy/off-the-beaten-track/wineries/"", ""Last_Verified"": 46261, ""Data_Status"": ""Needs Recheck"", ""Source_Sheet"": ""Coverage Expansion v32"", ""Source_Record_ID"": ""MASTER:PFO-A121"", ""Notes"": ""Official Visit Pafos confirms the winery/wine heritage stop; current direct operator schedule still needs confirmation."", ""Time_Parse_Confidence"": ""LOW"", ""Time_Parse_Note"": ""No safe universal clock range; verify operational details per itinerary date."", ""Time_Slot_Usable"": ""No""}"
PFO-A122,Lagria Winery – Salamiou,C11,Food & Wine,Winery / Tasting,Needs Recheck,9,10,75,Salamiou,"{""Activity_ID"": ""PFO-A122"", ""Activity_Name"": ""Lagria Winery – Salamiou"", ""Category"": ""Food & Wine"", ""Subcategory"": ""Winery / Tasting"", ""District"": ""Paphos"", ""Area"": ""Salamiou"", ""Full_Address_or_Access_Point"": ""Salamiou village"", ""Website"": ""https://www.visitpafos.org.cy/off-the-beaten-track/wineries/"", ""Opening_Days"": ""Visitor operations to confirm directly"", ""Opening_Hours"": ""Tasting/visit hours vary by winery"", ""Typical_Duration_Min"": 75, ""Price_Range"": ""Unknown"", ""Booking_Required"": ""Yes"", ""Indoor_Outdoor_Both"": ""Both"", ""Summer_Suitable"": ""Yes"", ""Winter_Suitable"": ""Yes"", ""Rain_Suitable"": ""Conditional"", ""Heatwave_Suitable"": ""Conditional"", ""Sunset_Suitable"": ""No"", ""Romantic_Score_1_10"": 9, ""Authentic_Cyprus_Score_1_10"": 10, ""Couple_Style"": ""Food & Wine / Authentic Cyprus"", ""Best_Time_of_Day"": ""Late morning / afternoon"", ""Weather_Sensitivity"": ""Operator hours and tasting schedule"", ""Accessibility_or_Access_Notes"": ""Mountain/village roads; advance confirmation recommended"", ""Source_Primary"": ""https://www.visitpafos.org.cy/off-the-beaten-track/wineries/"", ""Last_Verified"": 46261, ""Data_Status"": ""Needs Recheck"", ""Source_Sheet"": ""Coverage Expansion v32"", ""Source_Record_ID"": ""MASTER:PFO-A122"", ""Notes"": ""Official Visit Pafos confirms the winery/wine heritage stop; current direct operator schedule still needs confirmation."", ""Time_Parse_Confidence"": ""LOW"", ""Time_Parse_Note"": ""No safe universal clock range; verify operational details per itinerary date."", ""Time_Slot_Usable"": ""No""}"
PFO-A123,Nelion Winery – Pretori,C11,Food & Wine,Winery / Tasting,Needs Recheck,9,10,75,Pretori,"{""Activity_ID"": ""PFO-A123"", ""Activity_Name"": ""Nelion Winery – Pretori"", ""Category"": ""Food & Wine"", ""Subcategory"": ""Winery / Tasting"", ""District"": ""Paphos"", ""Area"": ""Pretori"", ""Full_Address_or_Access_Point"": ""Pretori village"", ""Website"": ""https://www.visitpafos.org.cy/off-the-beaten-track/wineries/"", ""Opening_Days"": ""Visitor operations to confirm directly"", ""Opening_Hours"": ""Tasting/visit hours vary by winery"", ""Typical_Duration_Min"": 75, ""Price_Range"": ""Unknown"", ""Booking_Required"": ""Yes"", ""Indoor_Outdoor_Both"": ""Both"", ""Summer_Suitable"": ""Yes"", ""Winter_Suitable"": ""Yes"", ""Rain_Suitable"": ""Conditional"", ""Heatwave_Suitable"": ""Conditional"", ""Sunset_Suitable"": ""No"", ""Romantic_Score_1_10"": 9, ""Authentic_Cyprus_Score_1_10"": 10, ""Couple_Style"": ""Food & Wine / Authentic Cyprus"", ""Best_Time_of_Day"": ""Late morning / afternoon"", ""Weather_Sensitivity"": ""Operator hours and tasting schedule"", ""Accessibility_or_Access_Notes"": ""Mountain/village roads; advance confirmation recommended"", ""Source_Primary"": ""https://www.visitpafos.org.cy/off-the-beaten-track/wineries/"", ""Last_Verified"": 46261, ""Data_Status"": ""Needs Recheck"", ""Source_Sheet"": ""Coverage Expansion v32"", ""Source_Record_ID"": ""MASTER:PFO-A123"", ""Notes"": ""Official Visit Pafos confirms the winery/wine heritage stop; current direct operator schedule still needs confirmation."", ""Time_Parse_Confidence"": ""LOW"", ""Time_Parse_Note"": ""No safe universal clock range; verify operational details per itinerary date."", ""Time_Slot_Usable"": ""No""}"
PFO-A124,Chrysorrogiatissa Monastery – Historic Wine-Making Tradition,C09,Food & Wine,Monastery / Wine Heritage,Needs Recheck,9,10,75,Panagia highlands,"{""Activity_ID"": ""PFO-A124"", ""Activity_Name"": ""Chrysorrogiatissa Monastery – Historic Wine-Making Tradition"", ""Category"": ""Food & Wine"", ""Subcategory"": ""Monastery / Wine Heritage"", ""District"": ""Paphos"", ""Area"": ""Panagia highlands"", ""Full_Address_or_Access_Point"": ""Chrysorrogiatissa Monastery"", ""Website"": ""https://www.visitpafos.org.cy/off-the-beaten-track/wineries/"", ""Opening_Days"": ""Visitor operations to confirm directly"", ""Opening_Hours"": ""Tasting/visit hours vary by winery"", ""Typical_Duration_Min"": 75, ""Price_Range"": ""Unknown"", ""Booking_Required"": ""Yes"", ""Indoor_Outdoor_Both"": ""Both"", ""Summer_Suitable"": ""Yes"", ""Winter_Suitable"": ""Yes"", ""Rain_Suitable"": ""Conditional"", ""Heatwave_Suitable"": ""Conditional"", ""Sunset_Suitable"": ""No"", ""Romantic_Score_1_10"": 9, ""Authentic_Cyprus_Score_1_10"": 10, ""Couple_Style"": ""Food & Wine / Authentic Cyprus"", ""Best_Time_of_Day"": ""Late morning / afternoon"", ""Weather_Sensitivity"": ""Operator hours and tasting schedule"", ""Accessibility_or_Access_Notes"": ""Mountain/village roads; advance confirmation recommended"", ""Source_Primary"": ""https://www.visitpafos.org.cy/off-the-beaten-track/wineries/"", ""Last_Verified"": 46261, ""Data_Status"": ""Needs Recheck"", ""Source_Sheet"": ""Coverage Expansion v32"", ""Source_Record_ID"": ""MASTER:PFO-A124"", ""Notes"": ""Official Visit Pafos confirms the winery/wine heritage stop; current direct operator schedule still needs confirmation."", ""Time_Parse_Confidence"": ""LOW"", ""Time_Parse_Note"": ""No safe universal clock range; verify operational details per itinerary date."", ""Time_Slot_Usable"": ""No""}"
PFO-A125,Adonis Nature Trail,C05,Nature & Adventure,Hiking / Akamas,Verified,10,9,210,Neo Chorio / Akamas,"{""Activity_ID"": ""PFO-A125"", ""Activity_Name"": ""Adonis Nature Trail"", ""Category"": ""Nature & Adventure"", ""Subcategory"": ""Hiking / Akamas"", ""District"": ""Paphos"", ""Area"": ""Neo Chorio / Akamas"", ""Full_Address_or_Access_Point"": ""Start approx. 400m before Baths of Aphrodite"", ""Latitude"": 35.056063, ""Longitude"": 32.345565, ""Website"": ""https://www.visitpafos.org.cy/off-the-beaten-track/hiking-birdwatching/"", ""Opening_Days"": ""Daily / daylight"", ""Opening_Hours"": ""Daylight; weather dependent"", ""Typical_Duration_Min"": 210, ""Price_Range"": ""Free"", ""Booking_Required"": ""No"", ""Indoor_Outdoor_Both"": ""Outdoor"", ""Summer_Suitable"": ""Conditional"", ""Winter_Suitable"": ""Yes"", ""Rain_Suitable"": ""No"", ""Heatwave_Suitable"": ""No"", ""Sunset_Suitable"": ""Yes"", ""Romantic_Score_1_10"": 10, ""Authentic_Cyprus_Score_1_10"": 9, ""Couple_Style"": ""Active / Nature"", ""Best_Time_of_Day"": ""Morning"", ""Weather_Sensitivity"": ""Avoid midday heat and wet/slippery conditions"", ""Accessibility_or_Access_Notes"": ""7.5 km circular; difficulty 3"", ""Source_Primary"": ""https://www.visitpafos.org.cy/off-the-beaten-track/hiking-birdwatching/"", ""Source_Secondary"": ""https://www.visitpafos.org.cy/active-pafos/hiking/"", ""Last_Verified"": 46261, ""Data_Status"": ""Verified"", ""Source_Sheet"": ""Coverage Expansion v32"", ""Source_Record_ID"": ""MASTER:PFO-A125"", ""Notes"": ""Official route: 7.5 km, estimated 3–4 hours; views of Polis, Pafos Forest and Akamas."", ""Time_Parse_Confidence"": ""LOW"", ""Time_Parse_Note"": ""No safe universal clock range; verify operational details per itinerary date."", ""Time_Slot_Usable"": ""No""}"
PFO-A126,Smigies Nature Trail – Long Route,C05,Nature & Adventure,Hiking / Akamas,Verified,10,9,120,Neo Chorio / Akamas,"{""Activity_ID"": ""PFO-A126"", ""Activity_Name"": ""Smigies Nature Trail – Long Route"", ""Category"": ""Nature & Adventure"", ""Subcategory"": ""Hiking / Akamas"", ""District"": ""Paphos"", ""Area"": ""Neo Chorio / Akamas"", ""Full_Address_or_Access_Point"": ""Smigies picnic site, 2.5 km from Neo Chorio"", ""Latitude"": 35.02402, ""Longitude"": 32.333115, ""Website"": ""https://www.visitpafos.org.cy/off-the-beaten-track/hiking-birdwatching/"", ""Opening_Days"": ""Daily / daylight"", ""Opening_Hours"": ""Daylight; weather dependent"", ""Typical_Duration_Min"": 120, ""Price_Range"": ""Free"", ""Booking_Required"": ""No"", ""Indoor_Outdoor_Both"": ""Outdoor"", ""Summer_Suitable"": ""Conditional"", ""Winter_Suitable"": ""Yes"", ""Rain_Suitable"": ""No"", ""Heatwave_Suitable"": ""No"", ""Sunset_Suitable"": ""Yes"", ""Romantic_Score_1_10"": 10, ""Authentic_Cyprus_Score_1_10"": 9, ""Couple_Style"": ""Active / Nature"", ""Best_Time_of_Day"": ""Morning / late afternoon"", ""Weather_Sensitivity"": ""Avoid heat; forest/remote trail"", ""Accessibility_or_Access_Notes"": ""6 km long route; difficulty 2; old magnesium mines and forest section"", ""Source_Primary"": ""https://www.visitpafos.org.cy/off-the-beaten-track/hiking-birdwatching/"", ""Source_Secondary"": ""https://www.visitpafos.org.cy/active-pafos/hiking/"", ""Last_Verified"": 46261, ""Data_Status"": ""Verified"", ""Source_Sheet"": ""Coverage Expansion v32"", ""Source_Record_ID"": ""MASTER:PFO-A126"", ""Notes"": ""Separate long route from existing short route; official duration about 2 hours."", ""Time_Parse_Confidence"": ""LOW"", ""Time_Parse_Note"": ""No safe universal clock range; verify operational details per itinerary date."", ""Time_Slot_Usable"": ""No""}"
PFO-A127,Alykes Beach,C01,Sea & Beach,Blue Flag urban beach,Verified,8,5,90,Kato Paphos,"{""Activity_ID"": ""PFO-A127"", ""Activity_Name"": ""Alykes Beach"", ""Category"": ""Sea & Beach"", ""Subcategory"": ""Blue Flag urban beach"", ""District"": ""Paphos"", ""Area"": ""Kato Paphos"", ""Full_Address_or_Access_Point"": ""Off Poseidonos Avenue"", ""Website"": ""https://www.visitpafos.org.cy/relax-revive-adventure/coast-and-beaches/"", ""Opening_Days"": ""Public access daily"", ""Opening_Hours"": ""Public beach access; lifeguards/services seasonal"", ""Typical_Duration_Min"": 90, ""Price_Range"": ""Free"", ""Booking_Required"": ""No"", ""Indoor_Outdoor_Both"": ""Outdoor"", ""Summer_Suitable"": ""Yes"", ""Winter_Suitable"": ""Conditional"", ""Rain_Suitable"": ""No"", ""Heatwave_Suitable"": ""Yes"", ""Sunset_Suitable"": ""Yes"", ""Romantic_Score_1_10"": 8, ""Authentic_Cyprus_Score_1_10"": 5, ""Couple_Style"": ""Relaxed / Sea"", ""Best_Time_of_Day"": ""Morning / late afternoon"", ""Weather_Sensitivity"": ""Sea state, wind and seasonal lifeguard/service availability"", ""Accessibility_or_Access_Notes"": ""Use official access notes; services vary by bathing season"", ""Source_Primary"": ""https://www.visitpafos.org.cy/relax-revive-adventure/coast-and-beaches/"", ""Last_Verified"": 46261, ""Data_Status"": ""Verified"", ""Source_Sheet"": ""Coverage Expansion v32"", ""Source_Record_ID"": ""MASTER:PFO-A127"", ""Notes"": ""Official Visit Pafos coastline inventory. Generator should treat lifeguards/watersports/sunbeds as seasonal."", ""Time_Parse_Confidence"": ""LOW"", ""Time_Parse_Note"": ""No safe universal clock range; verify operational details per itinerary date."", ""Time_Slot_Usable"": ""No""}"
PFO-A128,Chalavro Beach,C05,Sea & Beach,Blue Flag beach,Verified,8,5,90,Neo Chorio / Polis,"{""Activity_ID"": ""PFO-A128"", ""Activity_Name"": ""Chalavro Beach"", ""Category"": ""Sea & Beach"", ""Subcategory"": ""Blue Flag beach"", ""District"": ""Paphos"", ""Area"": ""Neo Chorio / Polis"", ""Full_Address_or_Access_Point"": ""Neo Chorio, Polis"", ""Website"": ""https://www.visitpafos.org.cy/relax-revive-adventure/coast-and-beaches/"", ""Opening_Days"": ""Public access daily"", ""Opening_Hours"": ""Public beach access; lifeguards/services seasonal"", ""Typical_Duration_Min"": 90, ""Price_Range"": ""Free"", ""Booking_Required"": ""No"", ""Indoor_Outdoor_Both"": ""Outdoor"", ""Summer_Suitable"": ""Yes"", ""Winter_Suitable"": ""Conditional"", ""Rain_Suitable"": ""No"", ""Heatwave_Suitable"": ""Yes"", ""Sunset_Suitable"": ""Yes"", ""Romantic_Score_1_10"": 8, ""Authentic_Cyprus_Score_1_10"": 5, ""Couple_Style"": ""Relaxed / Sea"", ""Best_Time_of_Day"": ""Morning / late afternoon"", ""Weather_Sensitivity"": ""Sea state, wind and seasonal lifeguard/service availability"", ""Accessibility_or_Access_Notes"": ""Use official access notes; services vary by bathing season"", ""Source_Primary"": ""https://www.visitpafos.org.cy/relax-revive-adventure/coast-and-beaches/"", ""Last_Verified"": 46261, ""Data_Status"": ""Verified"", ""Source_Sheet"": ""Coverage Expansion v32"", ""Source_Record_ID"": ""MASTER:PFO-A128"", ""Notes"": ""Official Visit Pafos coastline inventory. Generator should treat lifeguards/watersports/sunbeds as seasonal."", ""Time_Parse_Confidence"": ""LOW"", ""Time_Parse_Note"": ""No safe universal clock range; verify operational details per itinerary date."", ""Time_Slot_Usable"": ""No""}"
PFO-A129,Dasoudi Beach – Polis,C05,Sea & Beach,Blue Flag beach,Verified,8,5,90,Neo Chorio / Polis,"{""Activity_ID"": ""PFO-A129"", ""Activity_Name"": ""Dasoudi Beach – Polis"", ""Category"": ""Sea & Beach"", ""Subcategory"": ""Blue Flag beach"", ""District"": ""Paphos"", ""Area"": ""Neo Chorio / Polis"", ""Full_Address_or_Access_Point"": ""Neo Chorio, Polis"", ""Website"": ""https://www.visitpafos.org.cy/relax-revive-adventure/coast-and-beaches/"", ""Opening_Days"": ""Public access daily"", ""Opening_Hours"": ""Public beach access; lifeguards/services seasonal"", ""Typical_Duration_Min"": 90, ""Price_Range"": ""Free"", ""Booking_Required"": ""No"", ""Indoor_Outdoor_Both"": ""Outdoor"", ""Summer_Suitable"": ""Yes"", ""Winter_Suitable"": ""Conditional"", ""Rain_Suitable"": ""No"", ""Heatwave_Suitable"": ""Yes"", ""Sunset_Suitable"": ""Yes"", ""Romantic_Score_1_10"": 8, ""Authentic_Cyprus_Score_1_10"": 5, ""Couple_Style"": ""Relaxed / Sea"", ""Best_Time_of_Day"": ""Morning / late afternoon"", ""Weather_Sensitivity"": ""Sea state, wind and seasonal lifeguard/service availability"", ""Accessibility_or_Access_Notes"": ""Use official access notes; services vary by bathing season"", ""Source_Primary"": ""https://www.visitpafos.org.cy/relax-revive-adventure/coast-and-beaches/"", ""Last_Verified"": 46261, ""Data_Status"": ""Verified"", ""Source_Sheet"": ""Coverage Expansion v32"", ""Source_Record_ID"": ""MASTER:PFO-A129"", ""Notes"": ""Official Visit Pafos coastline inventory. Generator should treat lifeguards/watersports/sunbeds as seasonal."", ""Time_Parse_Confidence"": ""LOW"", ""Time_Parse_Note"": ""No safe universal clock range; verify operational details per itinerary date."", ""Time_Slot_Usable"": ""No""}"
PFO-A130,Geroskipou Municipal Beach,C02,Sea & Beach,Blue Flag municipal beach,Verified,8,5,90,Geroskipou,"{""Activity_ID"": ""PFO-A130"", ""Activity_Name"": ""Geroskipou Municipal Beach"", ""Category"": ""Sea & Beach"", ""Subcategory"": ""Blue Flag municipal beach"", ""District"": ""Paphos"", ""Area"": ""Geroskipou"", ""Full_Address_or_Access_Point"": ""Geroskipou Pafos Tourist Area"", ""Website"": ""https://www.visitpafos.org.cy/relax-revive-adventure/coast-and-beaches/"", ""Opening_Days"": ""Public access daily"", ""Opening_Hours"": ""Public beach access; lifeguards/services seasonal"", ""Typical_Duration_Min"": 90, ""Price_Range"": ""Free"", ""Booking_Required"": ""No"", ""Indoor_Outdoor_Both"": ""Outdoor"", ""Summer_Suitable"": ""Yes"", ""Winter_Suitable"": ""Conditional"", ""Rain_Suitable"": ""No"", ""Heatwave_Suitable"": ""Yes"", ""Sunset_Suitable"": ""Yes"", ""Romantic_Score_1_10"": 8, ""Authentic_Cyprus_Score_1_10"": 5, ""Couple_Style"": ""Relaxed / Sea"", ""Best_Time_of_Day"": ""Morning / late afternoon"", ""Weather_Sensitivity"": ""Sea state, wind and seasonal lifeguard/service availability"", ""Accessibility_or_Access_Notes"": ""Use official access notes; services vary by bathing season"", ""Source_Primary"": ""https://www.visitpafos.org.cy/relax-revive-adventure/coast-and-beaches/"", ""Last_Verified"": 46261, ""Data_Status"": ""Verified"", ""Source_Sheet"": ""Coverage Expansion v32"", ""Source_Record_ID"": ""MASTER:PFO-A130"", ""Notes"": ""Official Visit Pafos coastline inventory. Generator should treat lifeguards/watersports/sunbeds as seasonal."", ""Time_Parse_Confidence"": ""LOW"", ""Time_Parse_Note"": ""No safe universal clock range; verify operational details per itinerary date."", ""Time_Slot_Usable"": ""No""}"
PFO-A131,Kafizis Beach,C03,Sea & Beach,Blue Flag beach,Verified,8,5,90,Pegeia,"{""Activity_ID"": ""PFO-A131"", ""Activity_Name"": ""Kafizis Beach"", ""Category"": ""Sea & Beach"", ""Subcategory"": ""Blue Flag beach"", ""District"": ""Paphos"", ""Area"": ""Pegeia"", ""Full_Address_or_Access_Point"": ""Pegeia"", ""Website"": ""https://www.visitpafos.org.cy/relax-revive-adventure/coast-and-beaches/"", ""Opening_Days"": ""Public access daily"", ""Opening_Hours"": ""Public beach access; lifeguards/services seasonal"", ""Typical_Duration_Min"": 90, ""Price_Range"": ""Free"", ""Booking_Required"": ""No"", ""Indoor_Outdoor_Both"": ""Outdoor"", ""Summer_Suitable"": ""Yes"", ""Winter_Suitable"": ""Conditional"", ""Rain_Suitable"": ""No"", ""Heatwave_Suitable"": ""Yes"", ""Sunset_Suitable"": ""Yes"", ""Romantic_Score_1_10"": 8, ""Authentic_Cyprus_Score_1_10"": 5, ""Couple_Style"": ""Relaxed / Sea"", ""Best_Time_of_Day"": ""Morning / late afternoon"", ""Weather_Sensitivity"": ""Sea state, wind and seasonal lifeguard/service availability"", ""Accessibility_or_Access_Notes"": ""Use official access notes; services vary by bathing season"", ""Source_Primary"": ""https://www.visitpafos.org.cy/relax-revive-adventure/coast-and-beaches/"", ""Last_Verified"": 46261, ""Data_Status"": ""Verified"", ""Source_Sheet"": ""Coverage Expansion v32"", ""Source_Record_ID"": ""MASTER:PFO-A131"", ""Notes"": ""Official Visit Pafos coastline inventory. Generator should treat lifeguards/watersports/sunbeds as seasonal."", ""Time_Parse_Confidence"": ""LOW"", ""Time_Parse_Note"": ""No safe universal clock range; verify operational details per itinerary date."", ""Time_Slot_Usable"": ""No""}"
PFO-A132,Ksistarokampos / Yiannakis Beach,C05,Sea & Beach,Blue Flag beach,Verified,8,5,90,Neo Chorio / Polis,"{""Activity_ID"": ""PFO-A132"", ""Activity_Name"": ""Ksistarokampos / Yiannakis Beach"", ""Category"": ""Sea & Beach"", ""Subcategory"": ""Blue Flag beach"", ""District"": ""Paphos"", ""Area"": ""Neo Chorio / Polis"", ""Full_Address_or_Access_Point"": ""Neo Chorio, Polis"", ""Website"": ""https://www.visitpafos.org.cy/relax-revive-adventure/coast-and-beaches/"", ""Opening_Days"": ""Public access daily"", ""Opening_Hours"": ""Public beach access; lifeguards/services seasonal"", ""Typical_Duration_Min"": 90, ""Price_Range"": ""Free"", ""Booking_Required"": ""No"", ""Indoor_Outdoor_Both"": ""Outdoor"", ""Summer_Suitable"": ""Yes"", ""Winter_Suitable"": ""Conditional"", ""Rain_Suitable"": ""No"", ""Heatwave_Suitable"": ""Yes"", ""Sunset_Suitable"": ""Yes"", ""Romantic_Score_1_10"": 8, ""Authentic_Cyprus_Score_1_10"": 5, ""Couple_Style"": ""Relaxed / Sea"", ""Best_Time_of_Day"": ""Morning / late afternoon"", ""Weather_Sensitivity"": ""Sea state, wind and seasonal lifeguard/service availability"", ""Accessibility_or_Access_Notes"": ""Use official access notes; services vary by bathing season"", ""Source_Primary"": ""https://www.visitpafos.org.cy/relax-revive-adventure/coast-and-beaches/"", ""Last_Verified"": 46261, ""Data_Status"": ""Verified"", ""Source_Sheet"": ""Coverage Expansion v32"", ""Source_Record_ID"": ""MASTER:PFO-A132"", ""Notes"": ""Official Visit Pafos coastline inventory. Generator should treat lifeguards/watersports/sunbeds as seasonal."", ""Time_Parse_Confidence"": ""LOW"", ""Time_Parse_Note"": ""No safe universal clock range; verify operational details per itinerary date."", ""Time_Slot_Usable"": ""No""}"
PFO-A133,Pachyammos Beach – Paphos,C01,Sea & Beach,Blue Flag urban beach,Verified,8,5,90,Kato Paphos,"{""Activity_ID"": ""PFO-A133"", ""Activity_Name"": ""Pachyammos Beach – Paphos"", ""Category"": ""Sea & Beach"", ""Subcategory"": ""Blue Flag urban beach"", ""District"": ""Paphos"", ""Area"": ""Kato Paphos"", ""Full_Address_or_Access_Point"": ""Off Poseidonos Avenue"", ""Website"": ""https://www.visitpafos.org.cy/relax-revive-adventure/coast-and-beaches/"", ""Opening_Days"": ""Public access daily"", ""Opening_Hours"": ""Public beach access; lifeguards/services seasonal"", ""Typical_Duration_Min"": 90, ""Price_Range"": ""Free"", ""Booking_Required"": ""No"", ""Indoor_Outdoor_Both"": ""Outdoor"", ""Summer_Suitable"": ""Yes"", ""Winter_Suitable"": ""Conditional"", ""Rain_Suitable"": ""No"", ""Heatwave_Suitable"": ""Yes"", ""Sunset_Suitable"": ""Yes"", ""Romantic_Score_1_10"": 8, ""Authentic_Cyprus_Score_1_10"": 5, ""Couple_Style"": ""Relaxed / Sea"", ""Best_Time_of_Day"": ""Morning / late afternoon"", ""Weather_Sensitivity"": ""Sea state, wind and seasonal lifeguard/service availability"", ""Accessibility_or_Access_Notes"": ""Use official access notes; services vary by bathing season"", ""Source_Primary"": ""https://www.visitpafos.org.cy/relax-revive-adventure/coast-and-beaches/"", ""Last_Verified"": 46261, ""Data_Status"": ""Verified"", ""Source_Sheet"": ""Coverage Expansion v32"", ""Source_Record_ID"": ""MASTER:PFO-A133"", ""Notes"": ""Official Visit Pafos coastline inventory. Generator should treat lifeguards/watersports/sunbeds as seasonal."", ""Time_Parse_Confidence"": ""LOW"", ""Time_Parse_Note"": ""No safe universal clock range; verify operational details per itinerary date."", ""Time_Slot_Usable"": ""No""}"
PFO-A134,Pomos Beach,C06,Sea & Beach,Blue Flag beach,Verified,8,5,90,Pomos,"{""Activity_ID"": ""PFO-A134"", ""Activity_Name"": ""Pomos Beach"", ""Category"": ""Sea & Beach"", ""Subcategory"": ""Blue Flag beach"", ""District"": ""Paphos"", ""Area"": ""Pomos"", ""Full_Address_or_Access_Point"": ""Pomos, northwest Paphos"", ""Website"": ""https://www.visitpafos.org.cy/relax-revive-adventure/coast-and-beaches/"", ""Opening_Days"": ""Public access daily"", ""Opening_Hours"": ""Public beach access; lifeguards/services seasonal"", ""Typical_Duration_Min"": 90, ""Price_Range"": ""Free"", ""Booking_Required"": ""No"", ""Indoor_Outdoor_Both"": ""Outdoor"", ""Summer_Suitable"": ""Yes"", ""Winter_Suitable"": ""Conditional"", ""Rain_Suitable"": ""No"", ""Heatwave_Suitable"": ""Yes"", ""Sunset_Suitable"": ""Yes"", ""Romantic_Score_1_10"": 8, ""Authentic_Cyprus_Score_1_10"": 5, ""Couple_Style"": ""Relaxed / Sea"", ""Best_Time_of_Day"": ""Morning / late afternoon"", ""Weather_Sensitivity"": ""Sea state, wind and seasonal lifeguard/service availability"", ""Accessibility_or_Access_Notes"": ""Use official access notes; services vary by bathing season"", ""Source_Primary"": ""https://www.visitpafos.org.cy/relax-revive-adventure/coast-and-beaches/"", ""Last_Verified"": 46261, ""Data_Status"": ""Verified"", ""Source_Sheet"": ""Coverage Expansion v32"", ""Source_Record_ID"": ""MASTER:PFO-A134"", ""Notes"": ""Official Visit Pafos coastline inventory. Generator should treat lifeguards/watersports/sunbeds as seasonal."", ""Time_Parse_Confidence"": ""LOW"", ""Time_Parse_Note"": ""No safe universal clock range; verify operational details per itinerary date."", ""Time_Slot_Usable"": ""No""}"
PFO-A135,Souli Beach,C05,Sea & Beach,Blue Flag beach,Verified,8,5,90,Neo Chorio / Polis,"{""Activity_ID"": ""PFO-A135"", ""Activity_Name"": ""Souli Beach"", ""Category"": ""Sea & Beach"", ""Subcategory"": ""Blue Flag beach"", ""District"": ""Paphos"", ""Area"": ""Neo Chorio / Polis"", ""Full_Address_or_Access_Point"": ""Neo Chorio, Polis"", ""Website"": ""https://www.visitpafos.org.cy/relax-revive-adventure/coast-and-beaches/"", ""Opening_Days"": ""Public access daily"", ""Opening_Hours"": ""Public beach access; lifeguards/services seasonal"", ""Typical_Duration_Min"": 90, ""Price_Range"": ""Free"", ""Booking_Required"": ""No"", ""Indoor_Outdoor_Both"": ""Outdoor"", ""Summer_Suitable"": ""Yes"", ""Winter_Suitable"": ""Conditional"", ""Rain_Suitable"": ""No"", ""Heatwave_Suitable"": ""Yes"", ""Sunset_Suitable"": ""Yes"", ""Romantic_Score_1_10"": 8, ""Authentic_Cyprus_Score_1_10"": 5, ""Couple_Style"": ""Relaxed / Sea"", ""Best_Time_of_Day"": ""Morning / late afternoon"", ""Weather_Sensitivity"": ""Sea state, wind and seasonal lifeguard/service availability"", ""Accessibility_or_Access_Notes"": ""Use official access notes; services vary by bathing season"", ""Source_Primary"": ""https://www.visitpafos.org.cy/relax-revive-adventure/coast-and-beaches/"", ""Last_Verified"": 46261, ""Data_Status"": ""Verified"", ""Source_Sheet"": ""Coverage Expansion v32"", ""Source_Record_ID"": ""MASTER:PFO-A135"", ""Notes"": ""Official Visit Pafos coastline inventory. Generator should treat lifeguards/watersports/sunbeds as seasonal."", ""Time_Parse_Confidence"": ""LOW"", ""Time_Parse_Note"": ""No safe universal clock range; verify operational details per itinerary date."", ""Time_Slot_Usable"": ""No""}"
PFO-A136,Vrysoudia Beach B,C01,Sea & Beach,Blue Flag urban beach,Verified,8,5,90,Kato Paphos,"{""Activity_ID"": ""PFO-A136"", ""Activity_Name"": ""Vrysoudia Beach B"", ""Category"": ""Sea & Beach"", ""Subcategory"": ""Blue Flag urban beach"", ""District"": ""Paphos"", ""Area"": ""Kato Paphos"", ""Full_Address_or_Access_Point"": ""Off Poseidonos Avenue"", ""Website"": ""https://www.visitpafos.org.cy/relax-revive-adventure/coast-and-beaches/"", ""Opening_Days"": ""Public access daily"", ""Opening_Hours"": ""Public beach access; lifeguards/services seasonal"", ""Typical_Duration_Min"": 90, ""Price_Range"": ""Free"", ""Booking_Required"": ""No"", ""Indoor_Outdoor_Both"": ""Outdoor"", ""Summer_Suitable"": ""Yes"", ""Winter_Suitable"": ""Conditional"", ""Rain_Suitable"": ""No"", ""Heatwave_Suitable"": ""Yes"", ""Sunset_Suitable"": ""Yes"", ""Romantic_Score_1_10"": 8, ""Authentic_Cyprus_Score_1_10"": 5, ""Couple_Style"": ""Relaxed / Sea"", ""Best_Time_of_Day"": ""Morning / late afternoon"", ""Weather_Sensitivity"": ""Sea state, wind and seasonal lifeguard/service availability"", ""Accessibility_or_Access_Notes"": ""Use official access notes; services vary by bathing season"", ""Source_Primary"": ""https://www.visitpafos.org.cy/relax-revive-adventure/coast-and-beaches/"", ""Last_Verified"": 46261, ""Data_Status"": ""Verified"", ""Source_Sheet"": ""Coverage Expansion v32"", ""Source_Record_ID"": ""MASTER:PFO-A136"", ""Notes"": ""Official Visit Pafos coastline inventory. Generator should treat lifeguards/watersports/sunbeds as seasonal."", ""Time_Parse_Confidence"": ""LOW"", ""Time_Parse_Note"": ""No safe universal clock range; verify operational details per itinerary date."", ""Time_Slot_Usable"": ""No""}"
PFO-A137,Asprokremmos Beach,C05,Sea & Beach,Natural beach,Verified,8,5,90,Neo Chorio / Anassa area,"{""Activity_ID"": ""PFO-A137"", ""Activity_Name"": ""Asprokremmos Beach"", ""Category"": ""Sea & Beach"", ""Subcategory"": ""Natural beach"", ""District"": ""Paphos"", ""Area"": ""Neo Chorio / Anassa area"", ""Full_Address_or_Access_Point"": ""Asprokremmos coast near Anassa"", ""Website"": ""https://www.visitpafos.org.cy/relax-revive-adventure/coast-and-beaches/"", ""Opening_Days"": ""Public access daily"", ""Opening_Hours"": ""Public beach access; lifeguards/services seasonal"", ""Typical_Duration_Min"": 90, ""Price_Range"": ""Free"", ""Booking_Required"": ""No"", ""Indoor_Outdoor_Both"": ""Outdoor"", ""Summer_Suitable"": ""Yes"", ""Winter_Suitable"": ""Conditional"", ""Rain_Suitable"": ""No"", ""Heatwave_Suitable"": ""Yes"", ""Sunset_Suitable"": ""Yes"", ""Romantic_Score_1_10"": 8, ""Authentic_Cyprus_Score_1_10"": 5, ""Couple_Style"": ""Relaxed / Sea"", ""Best_Time_of_Day"": ""Morning / late afternoon"", ""Weather_Sensitivity"": ""Sea state, wind and seasonal lifeguard/service availability"", ""Accessibility_or_Access_Notes"": ""Use official access notes; services vary by bathing season"", ""Source_Primary"": ""https://www.visitpafos.org.cy/relax-revive-adventure/coast-and-beaches/"", ""Last_Verified"": 46261, ""Data_Status"": ""Verified"", ""Source_Sheet"": ""Coverage Expansion v32"", ""Source_Record_ID"": ""MASTER:PFO-A137"", ""Notes"": ""Official Visit Pafos coastline inventory. Generator should treat lifeguards/watersports/sunbeds as seasonal."", ""Time_Parse_Confidence"": ""LOW"", ""Time_Parse_Note"": ""No safe universal clock range; verify operational details per itinerary date."", ""Time_Slot_Usable"": ""No""}"
PFO-A138,Latchi Beach,C05,Sea & Beach,Marina-side sandy beach,Verified,8,5,90,Latchi,"{""Activity_ID"": ""PFO-A138"", ""Activity_Name"": ""Latchi Beach"", ""Category"": ""Sea & Beach"", ""Subcategory"": ""Marina-side sandy beach"", ""District"": ""Paphos"", ""Area"": ""Latchi"", ""Full_Address_or_Access_Point"": ""Next to Latchi Marina"", ""Website"": ""https://www.visitpafos.org.cy/relax-revive-adventure/coast-and-beaches/"", ""Opening_Days"": ""Public access daily"", ""Opening_Hours"": ""Public beach access; lifeguards/services seasonal"", ""Typical_Duration_Min"": 90, ""Price_Range"": ""Free"", ""Booking_Required"": ""No"", ""Indoor_Outdoor_Both"": ""Outdoor"", ""Summer_Suitable"": ""Yes"", ""Winter_Suitable"": ""Conditional"", ""Rain_Suitable"": ""No"", ""Heatwave_Suitable"": ""Yes"", ""Sunset_Suitable"": ""Yes"", ""Romantic_Score_1_10"": 8, ""Authentic_Cyprus_Score_1_10"": 5, ""Couple_Style"": ""Relaxed / Sea"", ""Best_Time_of_Day"": ""Morning / late afternoon"", ""Weather_Sensitivity"": ""Sea state, wind and seasonal lifeguard/service availability"", ""Accessibility_or_Access_Notes"": ""Use official access notes; services vary by bathing season"", ""Source_Primary"": ""https://www.visitpafos.org.cy/relax-revive-adventure/coast-and-beaches/"", ""Last_Verified"": 46261, ""Data_Status"": ""Verified"", ""Source_Sheet"": ""Coverage Expansion v32"", ""Source_Record_ID"": ""MASTER:PFO-A138"", ""Notes"": ""Official Visit Pafos coastline inventory. Generator should treat lifeguards/watersports/sunbeds as seasonal."", ""Time_Parse_Confidence"": ""LOW"", ""Time_Parse_Note"": ""No safe universal clock range; verify operational details per itinerary date."", ""Time_Slot_Usable"": ""No""}"
PFO-A139,Agios Georgios / Fisherman’s Bay Beach,C03,Sea & Beach,Small sandy beach,Verified,8,5,90,Agios Georgios Pegeia,"{""Activity_ID"": ""PFO-A139"", ""Activity_Name"": ""Agios Georgios / Fisherman’s Bay Beach"", ""Category"": ""Sea & Beach"", ""Subcategory"": ""Small sandy beach"", ""District"": ""Paphos"", ""Area"": ""Agios Georgios Pegeia"", ""Full_Address_or_Access_Point"": ""Agios Georgios fishing refuge"", ""Website"": ""https://www.visitpafos.org.cy/relax-revive-adventure/coast-and-beaches/"", ""Opening_Days"": ""Public access daily"", ""Opening_Hours"": ""Public beach access; lifeguards/services seasonal"", ""Typical_Duration_Min"": 90, ""Price_Range"": ""Free"", ""Booking_Required"": ""No"", ""Indoor_Outdoor_Both"": ""Outdoor"", ""Summer_Suitable"": ""Yes"", ""Winter_Suitable"": ""Conditional"", ""Rain_Suitable"": ""No"", ""Heatwave_Suitable"": ""Yes"", ""Sunset_Suitable"": ""Yes"", ""Romantic_Score_1_10"": 8, ""Authentic_Cyprus_Score_1_10"": 5, ""Couple_Style"": ""Relaxed / Sea"", ""Best_Time_of_Day"": ""Morning / late afternoon"", ""Weather_Sensitivity"": ""Sea state, wind and seasonal lifeguard/service availability"", ""Accessibility_or_Access_Notes"": ""Use official access notes; services vary by bathing season"", ""Source_Primary"": ""https://www.visitpafos.org.cy/relax-revive-adventure/coast-and-beaches/"", ""Last_Verified"": 46261, ""Data_Status"": ""Verified"", ""Source_Sheet"": ""Coverage Expansion v32"", ""Source_Record_ID"": ""MASTER:PFO-A139"", ""Notes"": ""Official Visit Pafos coastline inventory. Generator should treat lifeguards/watersports/sunbeds as seasonal."", ""Time_Parse_Confidence"": ""LOW"", ""Time_Parse_Note"": ""No safe universal clock range; verify operational details per itinerary date."", ""Time_Slot_Usable"": ""No""}"
PFO-A140,Timi–Mandria Coast,C02,Sea & Beach,Long sandy/pebbled coast,Verified,7,5,90,Timi / Mandria,"{""Activity_ID"": ""PFO-A140"", ""Activity_Name"": ""Timi–Mandria Coast"", ""Category"": ""Sea & Beach"", ""Subcategory"": ""Long sandy/pebbled coast"", ""District"": ""Paphos"", ""Area"": ""Timi / Mandria"", ""Full_Address_or_Access_Point"": ""East of Paphos International Airport"", ""Website"": ""https://www.visitpafos.org.cy/relax-revive-adventure/coast-and-beaches/"", ""Opening_Days"": ""Public access daily"", ""Opening_Hours"": ""Public beach access; lifeguards/services seasonal"", ""Typical_Duration_Min"": 90, ""Price_Range"": ""Free"", ""Booking_Required"": ""No"", ""Indoor_Outdoor_Both"": ""Outdoor"", ""Summer_Suitable"": ""Yes"", ""Winter_Suitable"": ""Conditional"", ""Rain_Suitable"": ""No"", ""Heatwave_Suitable"": ""Yes"", ""Sunset_Suitable"": ""Yes"", ""Romantic_Score_1_10"": 7, ""Authentic_Cyprus_Score_1_10"": 5, ""Couple_Style"": ""Relaxed / Sea"", ""Best_Time_of_Day"": ""Morning / late afternoon"", ""Weather_Sensitivity"": ""Sea state, wind and seasonal lifeguard/service availability"", ""Accessibility_or_Access_Notes"": ""Use official access notes; services vary by bathing season"", ""Source_Primary"": ""https://www.visitpafos.org.cy/relax-revive-adventure/coast-and-beaches/"", ""Last_Verified"": 46261, ""Data_Status"": ""Verified"", ""Source_Sheet"": ""Coverage Expansion v32"", ""Source_Record_ID"": ""MASTER:PFO-A140"", ""Notes"": ""Official Visit Pafos coastline inventory. Generator should treat lifeguards/watersports/sunbeds as seasonal."", ""Time_Parse_Confidence"": ""LOW"", ""Time_Parse_Note"": ""No safe universal clock range; verify operational details per itinerary date."", ""Time_Slot_Usable"": ""No""}"
PFO-A141,Royal Manor of Kouklia,C02,Culture & Heritage,Frankish Manor / Archaeological Museum,Verified,9,10,60,Kouklia,"{""Activity_ID"": ""PFO-A141"", ""Activity_Name"": ""Royal Manor of Kouklia"", ""Category"": ""Culture & Heritage"", ""Subcategory"": ""Frankish Manor / Archaeological Museum"", ""District"": ""Paphos"", ""Area"": ""Kouklia"", ""Full_Address_or_Access_Point"": ""Royal Manor, Kouklia village"", ""Website"": ""https://www.visitpafos.org.cy/a-proud-heritage/archaeological-sites/"", ""Phone"": ""+357 26 432155"", ""Opening_Days"": ""Monday–Sunday"", ""Opening_Hours"": ""Winter 08:30–17:00; Summer 08:30–19:30"", ""Typical_Duration_Min"": 60, ""Price_Range"": ""€4.50"", ""Booking_Required"": ""No"", ""Indoor_Outdoor_Both"": ""Both"", ""Summer_Suitable"": ""Yes"", ""Winter_Suitable"": ""Yes"", ""Rain_Suitable"": ""Conditional"", ""Heatwave_Suitable"": ""Conditional"", ""Sunset_Suitable"": ""No"", ""Romantic_Score_1_10"": 9, ""Authentic_Cyprus_Score_1_10"": 10, ""Couple_Style"": ""Culture / Authentic Cyprus"", ""Best_Time_of_Day"": ""Morning / afternoon"", ""Weather_Sensitivity"": ""Outdoor/indoor mixed"", ""Accessibility_or_Access_Notes"": ""Same €4.50 ticket includes Palaipafos local museum"", ""Source_Primary"": ""https://www.visitpafos.org.cy/a-proud-heritage/archaeological-sites/"", ""Last_Verified"": 46261, ""Data_Status"": ""Verified"", ""Source_Sheet"": ""Coverage Expansion v32"", ""Source_Record_ID"": ""MASTER:PFO-A141"", ""Notes"": ""Separate heritage experience within the Palaipafos complex; avoid selecting together with Palaipafos as duplicate content."", ""Parsed_Open_Time"": 0.3541666666666667, ""Parsed_Close_Time"": 0.8125, ""Time_Parse_Confidence"": ""MEDIUM"", ""Time_Parse_Note"": ""Summer max window; seasonal close differs."", ""Time_Slot_Usable"": ""Yes""}"
PFO-A142,Agios Georgios Pegeia Early Christian Basilicas,C03,Culture & Heritage,Early Christian Archaeology / Basilicas,Verified,9,10,60,Agios Georgios Pegeia,"{""Activity_ID"": ""PFO-A142"", ""Activity_Name"": ""Agios Georgios Pegeia Early Christian Basilicas"", ""Category"": ""Culture & Heritage"", ""Subcategory"": ""Early Christian Archaeology / Basilicas"", ""District"": ""Paphos"", ""Area"": ""Agios Georgios Pegeia"", ""Full_Address_or_Access_Point"": ""Cape Drepano / Agios Georgios Pegeia archaeological area"", ""Website"": ""https://www.visitpafos.org.cy/a-proud-heritage/archaeological-sites/"", ""Opening_Days"": ""Site access to verify"", ""Opening_Hours"": ""Daylight / archaeological site"", ""Typical_Duration_Min"": 60, ""Price_Range"": ""Unknown"", ""Booking_Required"": ""No"", ""Indoor_Outdoor_Both"": ""Outdoor"", ""Summer_Suitable"": ""Yes"", ""Winter_Suitable"": ""Yes"", ""Rain_Suitable"": ""No"", ""Heatwave_Suitable"": ""Conditional"", ""Sunset_Suitable"": ""Yes"", ""Romantic_Score_1_10"": 9, ""Authentic_Cyprus_Score_1_10"": 10, ""Couple_Style"": ""Culture / Heritage"", ""Best_Time_of_Day"": ""Morning / late afternoon"", ""Weather_Sensitivity"": ""Heat/exposure"", ""Accessibility_or_Access_Notes"": ""Combine with fishing refuge and sunset; verify official site access on date"", ""Source_Primary"": ""https://www.visitpafos.org.cy/a-proud-heritage/archaeological-sites/"", ""Source_Secondary"": ""https://www.visitpafos.org.cy/a-proud-heritage/religious/"", ""Last_Verified"": 46261, ""Data_Status"": ""Verified"", ""Source_Sheet"": ""Coverage Expansion v32"", ""Source_Record_ID"": ""MASTER:PFO-A142"", ""Notes"": ""Visit Pafos confirms three excavated basilicas in Cape Drepano / Agios Georgios Pegeia."", ""Time_Parse_Confidence"": ""LOW"", ""Time_Parse_Note"": ""No safe universal clock range; verify operational details per itinerary date."", ""Time_Slot_Usable"": ""No""}"
PFO-A143,Pafos Harbour Sunset Cruise – Product Family,C01,Sea & Adventure,Sunset Cruise,Needs Recheck,10,5,180,Paphos Coast / Harbour,"{""Activity_ID"": ""PFO-A143"", ""Activity_Name"": ""Pafos Harbour Sunset Cruise – Product Family"", ""Category"": ""Sea & Adventure"", ""Subcategory"": ""Sunset Cruise"", ""District"": ""Paphos"", ""Area"": ""Paphos Coast / Harbour"", ""Full_Address_or_Access_Point"": ""Operator-specific departure point to confirm"", ""Website"": ""https://www.visitpafos.org.cy/be-sporty/sea-activities/"", ""Opening_Days"": ""Operator-specific / seasonal"", ""Opening_Hours"": ""Operator-specific"", ""Typical_Duration_Min"": 180, ""Price_Range"": ""Unknown"", ""Booking_Required"": ""Yes"", ""Indoor_Outdoor_Both"": ""Outdoor"", ""Summer_Suitable"": ""Yes"", ""Winter_Suitable"": ""Conditional"", ""Rain_Suitable"": ""No"", ""Heatwave_Suitable"": ""Conditional"", ""Sunset_Suitable"": ""Yes"", ""Romantic_Score_1_10"": 10, ""Authentic_Cyprus_Score_1_10"": 5, ""Couple_Style"": ""Sea / Adventure"", ""Best_Time_of_Day"": ""Sunset"", ""Weather_Sensitivity"": ""Sea state/wind; operator seasonality"", ""Accessibility_or_Access_Notes"": ""Product family confirmed by Visit Pafos; choose verified licensed operator before final booking"", ""Source_Primary"": ""https://www.visitpafos.org.cy/be-sporty/sea-activities/"", ""Last_Verified"": 46261, ""Data_Status"": ""Needs Recheck"", ""Source_Sheet"": ""Coverage Expansion v32"", ""Source_Record_ID"": ""MASTER:PFO-A143"", ""Notes"": ""Coverage inventory entry only. Do not auto-select until a current licensed operator, departure point, duration and price are attached."", ""Time_Parse_Confidence"": ""LOW"", ""Time_Parse_Note"": ""No safe universal clock range; verify operational details per itinerary date."", ""Time_Slot_Usable"": ""No""}"
PFO-A144,Pafos Coastal Sailing / Day Cruise – Product Family,C01,Sea & Adventure,Sailing / Coastal Cruise,Needs Recheck,9,5,180,Paphos Coast / Harbour,"{""Activity_ID"": ""PFO-A144"", ""Activity_Name"": ""Pafos Coastal Sailing / Day Cruise – Product Family"", ""Category"": ""Sea & Adventure"", ""Subcategory"": ""Sailing / Coastal Cruise"", ""District"": ""Paphos"", ""Area"": ""Paphos Coast / Harbour"", ""Full_Address_or_Access_Point"": ""Operator-specific departure point to confirm"", ""Website"": ""https://www.visitpafos.org.cy/be-sporty/sea-activities/"", ""Opening_Days"": ""Operator-specific / seasonal"", ""Opening_Hours"": ""Operator-specific"", ""Typical_Duration_Min"": 180, ""Price_Range"": ""Unknown"", ""Booking_Required"": ""Yes"", ""Indoor_Outdoor_Both"": ""Outdoor"", ""Summer_Suitable"": ""Yes"", ""Winter_Suitable"": ""Conditional"", ""Rain_Suitable"": ""No"", ""Heatwave_Suitable"": ""Conditional"", ""Sunset_Suitable"": ""No"", ""Romantic_Score_1_10"": 9, ""Authentic_Cyprus_Score_1_10"": 5, ""Couple_Style"": ""Sea / Adventure"", ""Best_Time_of_Day"": ""Morning / daytime"", ""Weather_Sensitivity"": ""Sea state/wind; operator seasonality"", ""Accessibility_or_Access_Notes"": ""Product family confirmed by Visit Pafos; choose verified licensed operator before final booking"", ""Source_Primary"": ""https://www.visitpafos.org.cy/be-sporty/sea-activities/"", ""Last_Verified"": 46261, ""Data_Status"": ""Needs Recheck"", ""Source_Sheet"": ""Coverage Expansion v32"", ""Source_Record_ID"": ""MASTER:PFO-A144"", ""Notes"": ""Coverage inventory entry only. Do not auto-select until a current licensed operator, departure point, duration and price are attached."", ""Time_Parse_Confidence"": ""LOW"", ""Time_Parse_Note"": ""No safe universal clock range; verify operational details per itinerary date."", ""Time_Slot_Usable"": ""No""}"
PFO-A145,Pafos Deep-Sea Fishing Trip – Product Family,C01,Sea & Adventure,Deep-Sea Fishing,Needs Recheck,7,5,180,Paphos Coast / Harbour,"{""Activity_ID"": ""PFO-A145"", ""Activity_Name"": ""Pafos Deep-Sea Fishing Trip – Product Family"", ""Category"": ""Sea & Adventure"", ""Subcategory"": ""Deep-Sea Fishing"", ""District"": ""Paphos"", ""Area"": ""Paphos Coast / Harbour"", ""Full_Address_or_Access_Point"": ""Operator-specific departure point to confirm"", ""Website"": ""https://www.visitpafos.org.cy/be-sporty/sea-activities/"", ""Opening_Days"": ""Operator-specific / seasonal"", ""Opening_Hours"": ""Operator-specific"", ""Typical_Duration_Min"": 180, ""Price_Range"": ""Unknown"", ""Booking_Required"": ""Yes"", ""Indoor_Outdoor_Both"": ""Outdoor"", ""Summer_Suitable"": ""Yes"", ""Winter_Suitable"": ""Conditional"", ""Rain_Suitable"": ""No"", ""Heatwave_Suitable"": ""Conditional"", ""Sunset_Suitable"": ""No"", ""Romantic_Score_1_10"": 7, ""Authentic_Cyprus_Score_1_10"": 5, ""Couple_Style"": ""Sea / Adventure"", ""Best_Time_of_Day"": ""Morning / daytime"", ""Weather_Sensitivity"": ""Sea state/wind; operator seasonality"", ""Accessibility_or_Access_Notes"": ""Product family confirmed by Visit Pafos; choose verified licensed operator before final booking"", ""Source_Primary"": ""https://www.visitpafos.org.cy/be-sporty/sea-activities/"", ""Last_Verified"": 46261, ""Data_Status"": ""Needs Recheck"", ""Source_Sheet"": ""Coverage Expansion v32"", ""Source_Record_ID"": ""MASTER:PFO-A145"", ""Notes"": ""Coverage inventory entry only. Do not auto-select until a current licensed operator, departure point, duration and price are attached."", ""Time_Parse_Confidence"": ""LOW"", ""Time_Parse_Note"": ""No safe universal clock range; verify operational details per itinerary date."", ""Time_Slot_Usable"": ""No""}"
PFO-A146,Pafos Tuna Fishing Trip – Product Family,C01,Sea & Adventure,Tuna Fishing,Needs Recheck,7,5,180,Paphos Coast / Harbour,"{""Activity_ID"": ""PFO-A146"", ""Activity_Name"": ""Pafos Tuna Fishing Trip – Product Family"", ""Category"": ""Sea & Adventure"", ""Subcategory"": ""Tuna Fishing"", ""District"": ""Paphos"", ""Area"": ""Paphos Coast / Harbour"", ""Full_Address_or_Access_Point"": ""Operator-specific departure point to confirm"", ""Website"": ""https://www.visitpafos.org.cy/be-sporty/sea-activities/"", ""Opening_Days"": ""Operator-specific / seasonal"", ""Opening_Hours"": ""Operator-specific"", ""Typical_Duration_Min"": 180, ""Price_Range"": ""Unknown"", ""Booking_Required"": ""Yes"", ""Indoor_Outdoor_Both"": ""Outdoor"", ""Summer_Suitable"": ""Yes"", ""Winter_Suitable"": ""Conditional"", ""Rain_Suitable"": ""No"", ""Heatwave_Suitable"": ""Conditional"", ""Sunset_Suitable"": ""No"", ""Romantic_Score_1_10"": 7, ""Authentic_Cyprus_Score_1_10"": 5, ""Couple_Style"": ""Sea / Adventure"", ""Best_Time_of_Day"": ""Morning / daytime"", ""Weather_Sensitivity"": ""Sea state/wind; operator seasonality"", ""Accessibility_or_Access_Notes"": ""Product family confirmed by Visit Pafos; choose verified licensed operator before final booking"", ""Source_Primary"": ""https://www.visitpafos.org.cy/be-sporty/sea-activities/"", ""Last_Verified"": 46261, ""Data_Status"": ""Needs Recheck"", ""Source_Sheet"": ""Coverage Expansion v32"", ""Source_Record_ID"": ""MASTER:PFO-A146"", ""Notes"": ""Coverage inventory entry only. Do not auto-select until a current licensed operator, departure point, duration and price are attached."", ""Time_Parse_Confidence"": ""LOW"", ""Time_Parse_Note"": ""No safe universal clock range; verify operational details per itinerary date."", ""Time_Slot_Usable"": ""No""}"
PFO-A147,Vera K Wreck Dive,C01,Sea & Adventure,Wreck Diving,Needs Recheck,7,4,120,Paphos Coast,"{""Activity_ID"": ""PFO-A147"", ""Activity_Name"": ""Vera K Wreck Dive"", ""Category"": ""Sea & Adventure"", ""Subcategory"": ""Wreck Diving"", ""District"": ""Paphos"", ""Area"": ""Paphos Coast"", ""Full_Address_or_Access_Point"": ""Dive operator / exact entry point to confirm"", ""Website"": ""https://www.visitpafos.org.cy/relax-revive-adventure/snorkeling-park/"", ""Opening_Days"": ""Operator-dependent"", ""Opening_Hours"": ""Dive slot by booking"", ""Typical_Duration_Min"": 120, ""Price_Range"": ""€€"", ""Booking_Required"": ""Yes"", ""Indoor_Outdoor_Both"": ""Outdoor"", ""Summer_Suitable"": ""Yes"", ""Winter_Suitable"": ""Conditional"", ""Rain_Suitable"": ""No"", ""Heatwave_Suitable"": ""Conditional"", ""Sunset_Suitable"": ""No"", ""Romantic_Score_1_10"": 7, ""Authentic_Cyprus_Score_1_10"": 4, ""Couple_Style"": ""Active / Sea"", ""Best_Time_of_Day"": ""Morning"", ""Weather_Sensitivity"": ""Certification/sea conditions"", ""Accessibility_or_Access_Notes"": ""Certified dive operator required"", ""Source_Primary"": ""https://www.visitpafos.org.cy/relax-revive-adventure/snorkeling-park/"", ""Source_Secondary"": ""https://www.visitpafos.org.cy/be-sporty/sea-activities/"", ""Last_Verified"": 46261, ""Data_Status"": ""Needs Recheck"", ""Source_Sheet"": ""Coverage Expansion v32"", ""Source_Record_ID"": ""MASTER:PFO-A147"", ""Notes"": ""Lebanese cargo ship; boat access ~25 minutes from Paphos harbour; OW certification. Official Visit Pafos confirms site; current operator must be attached."", ""Time_Parse_Confidence"": ""LOW"", ""Time_Parse_Note"": ""No safe universal clock range; verify operational details per itinerary date."", ""Time_Slot_Usable"": ""No""}"
PFO-A148,White Star Wreck Dive,C01,Sea & Adventure,Wreck Diving,Needs Recheck,7,4,120,Paphos Coast,"{""Activity_ID"": ""PFO-A148"", ""Activity_Name"": ""White Star Wreck Dive"", ""Category"": ""Sea & Adventure"", ""Subcategory"": ""Wreck Diving"", ""District"": ""Paphos"", ""Area"": ""Paphos Coast"", ""Full_Address_or_Access_Point"": ""Dive operator / exact entry point to confirm"", ""Website"": ""https://www.visitpafos.org.cy/relax-revive-adventure/snorkeling-park/"", ""Opening_Days"": ""Operator-dependent"", ""Opening_Hours"": ""Dive slot by booking"", ""Typical_Duration_Min"": 120, ""Price_Range"": ""€€"", ""Booking_Required"": ""Yes"", ""Indoor_Outdoor_Both"": ""Outdoor"", ""Summer_Suitable"": ""Yes"", ""Winter_Suitable"": ""Conditional"", ""Rain_Suitable"": ""No"", ""Heatwave_Suitable"": ""Conditional"", ""Sunset_Suitable"": ""No"", ""Romantic_Score_1_10"": 7, ""Authentic_Cyprus_Score_1_10"": 4, ""Couple_Style"": ""Active / Sea"", ""Best_Time_of_Day"": ""Morning"", ""Weather_Sensitivity"": ""Certification/sea conditions"", ""Accessibility_or_Access_Notes"": ""Certified dive operator required"", ""Source_Primary"": ""https://www.visitpafos.org.cy/relax-revive-adventure/snorkeling-park/"", ""Source_Secondary"": ""https://www.visitpafos.org.cy/be-sporty/sea-activities/"", ""Last_Verified"": 46261, ""Data_Status"": ""Needs Recheck"", ""Source_Sheet"": ""Coverage Expansion v32"", ""Source_Record_ID"": ""MASTER:PFO-A148"", ""Notes"": ""Russian former fishing vessel; 14–18m depth; boat dive. Official Visit Pafos confirms site; current operator must be attached."", ""Time_Parse_Confidence"": ""LOW"", ""Time_Parse_Note"": ""No safe universal clock range; verify operational details per itinerary date."", ""Time_Slot_Usable"": ""No""}"
PFO-A149,Queens Bay Dive Site,C01,Sea & Adventure,Shore Diving,Needs Recheck,7,4,120,Paphos Coast,"{""Activity_ID"": ""PFO-A149"", ""Activity_Name"": ""Queens Bay Dive Site"", ""Category"": ""Sea & Adventure"", ""Subcategory"": ""Shore Diving"", ""District"": ""Paphos"", ""Area"": ""Paphos Coast"", ""Full_Address_or_Access_Point"": ""Dive operator / exact entry point to confirm"", ""Website"": ""https://www.visitpafos.org.cy/relax-revive-adventure/snorkeling-park/"", ""Opening_Days"": ""Operator-dependent"", ""Opening_Hours"": ""Dive slot by booking"", ""Typical_Duration_Min"": 120, ""Price_Range"": ""€€"", ""Booking_Required"": ""Yes"", ""Indoor_Outdoor_Both"": ""Outdoor"", ""Summer_Suitable"": ""Yes"", ""Winter_Suitable"": ""Conditional"", ""Rain_Suitable"": ""No"", ""Heatwave_Suitable"": ""Conditional"", ""Sunset_Suitable"": ""No"", ""Romantic_Score_1_10"": 7, ""Authentic_Cyprus_Score_1_10"": 4, ""Couple_Style"": ""Active / Sea"", ""Best_Time_of_Day"": ""Morning"", ""Weather_Sensitivity"": ""Certification/sea conditions"", ""Accessibility_or_Access_Notes"": ""Certified dive operator required"", ""Source_Primary"": ""https://www.visitpafos.org.cy/relax-revive-adventure/snorkeling-park/"", ""Source_Secondary"": ""https://www.visitpafos.org.cy/be-sporty/sea-activities/"", ""Last_Verified"": 46261, ""Data_Status"": ""Needs Recheck"", ""Source_Sheet"": ""Coverage Expansion v32"", ""Source_Record_ID"": ""MASTER:PFO-A149"", ""Notes"": ""Easy-entry sandy/rocky dive site near Queens Bay Hotel; varied depths. Official Visit Pafos confirms site; current operator must be attached."", ""Time_Parse_Confidence"": ""LOW"", ""Time_Parse_Note"": ""No safe universal clock range; verify operational details per itinerary date."", ""Time_Slot_Usable"": ""No""}"
PFO-A150,The Stadium Dive Site,C01,Sea & Adventure,Reef / Rock Formation Diving,Needs Recheck,7,4,120,Paphos Coast,"{""Activity_ID"": ""PFO-A150"", ""Activity_Name"": ""The Stadium Dive Site"", ""Category"": ""Sea & Adventure"", ""Subcategory"": ""Reef / Rock Formation Diving"", ""District"": ""Paphos"", ""Area"": ""Paphos Coast"", ""Full_Address_or_Access_Point"": ""Dive operator / exact entry point to confirm"", ""Website"": ""https://www.visitpafos.org.cy/relax-revive-adventure/snorkeling-park/"", ""Opening_Days"": ""Operator-dependent"", ""Opening_Hours"": ""Dive slot by booking"", ""Typical_Duration_Min"": 120, ""Price_Range"": ""€€"", ""Booking_Required"": ""Yes"", ""Indoor_Outdoor_Both"": ""Outdoor"", ""Summer_Suitable"": ""Yes"", ""Winter_Suitable"": ""Conditional"", ""Rain_Suitable"": ""No"", ""Heatwave_Suitable"": ""Conditional"", ""Sunset_Suitable"": ""No"", ""Romantic_Score_1_10"": 7, ""Authentic_Cyprus_Score_1_10"": 4, ""Couple_Style"": ""Active / Sea"", ""Best_Time_of_Day"": ""Morning"", ""Weather_Sensitivity"": ""Certification/sea conditions"", ""Accessibility_or_Access_Notes"": ""Certified dive operator required"", ""Source_Primary"": ""https://www.visitpafos.org.cy/relax-revive-adventure/snorkeling-park/"", ""Source_Secondary"": ""https://www.visitpafos.org.cy/be-sporty/sea-activities/"", ""Last_Verified"": 46261, ""Data_Status"": ""Needs Recheck"", ""Source_Sheet"": ""Coverage Expansion v32"", ""Source_Record_ID"": ""MASTER:PFO-A150"", ""Notes"": ""Natural underwater formation; advanced marine-life exploration. Official Visit Pafos confirms site; current operator must be attached."", ""Time_Parse_Confidence"": ""LOW"", ""Time_Parse_Note"": ""No safe universal clock range; verify operational details per itinerary date."", ""Time_Slot_Usable"": ""No""}"
PFO-A151,George's Ranch – Sea Caves Sunset Horse Ride,C03,Sport & Active,Horse Riding,Verified,10,7,60,Agios Georgios Pegeia / Sea Caves,"{""Activity_ID"": ""PFO-A151"", ""Activity_Name"": ""George's Ranch – Sea Caves Sunset Horse Ride"", ""Category"": ""Sport & Active"", ""Subcategory"": ""Horse Riding"", ""District"": ""Paphos"", ""Area"": ""Agios Georgios Pegeia / Sea Caves"", ""Full_Address_or_Access_Point"": ""V8QQ+G8C, E701, Pegeia 8570, Paphos"", ""Latitude"": 34.888436, ""Longitude"": 32.33853, ""Website"": ""https://georgesranchcyprus.com/"", ""Phone"": ""+357 99 647790"", ""Opening_Days"": ""Daily by reservation"", ""Opening_Hours"": ""Business hours approx. 08:00–20:00; sunset ride departure varies seasonally"", ""Typical_Duration_Min"": 60, ""Price_Range"": ""€€€"", ""Booking_Required"": ""Yes"", ""Indoor_Outdoor_Both"": ""Outdoor"", ""Summer_Suitable"": ""Yes"", ""Winter_Suitable"": ""Yes"", ""Rain_Suitable"": ""No"", ""Heatwave_Suitable"": ""Conditional"", ""Sunset_Suitable"": ""Yes"", ""Romantic_Score_1_10"": 10, ""Authentic_Cyprus_Score_1_10"": 7, ""Couple_Style"": ""Romantic / Coastal / Sunset"", ""Best_Time_of_Day"": ""Sunset"", ""Weather_Sensitivity"": ""Heat / wind / rain; operator may move ride times"", ""Accessibility_or_Access_Notes"": ""Suitable for beginners and experienced riders; helmet/gear provided; pre-booking recommended."", ""Source_Primary"": ""https://georgesranchcyprus.com/"", ""Source_Secondary"": ""https://www.cyprustours.eu/tours/sunset"", ""Last_Verified"": 46261, ""Data_Status"": ""Verified"", ""Source_Sheet"": ""Horse Riding Audit v33"", ""Source_Record_ID"": ""MASTER:PFO-A151"", ""Notes"": ""Top romantic horse-riding product: guided Sea Caves coastal trail at sunset. Current 2026 reviews include couples and first-time riders. Keep separate from longer experienced-rider coastal hack."", ""Parsed_Open_Time"": 0.3333333333333333, ""Parsed_Close_Time"": 0.8333333333333334, ""Time_Parse_Confidence"": ""LOW"", ""Time_Parse_Note"": ""Use operator-specific booking time; general business hours are not equivalent to ride departure times."", ""Time_Slot_Usable"": ""No""}"
PFO-A152,Aphrodite Hills Riding Club – Guided Countryside Trail,C02,Sport & Active,Horse Riding,Verified,10,8,60,Kouklia / Aphrodite Hills,"{""Activity_ID"": ""PFO-A152"", ""Activity_Name"": ""Aphrodite Hills Riding Club – Guided Countryside Trail"", ""Category"": ""Sport & Active"", ""Subcategory"": ""Horse Riding"", ""District"": ""Paphos"", ""Area"": ""Kouklia / Aphrodite Hills"", ""Full_Address_or_Access_Point"": ""Aphrodite Hills Riding Club, Kouklia 8509, Paphos"", ""Website"": ""https://aphroditehillsrc.com/"", ""Phone"": ""+357 99 998989"", ""Opening_Days"": ""By reservation; current business listing Mon/Tue/Thu/Fri/Sat"", ""Opening_Hours"": ""Approx. 08:30–17:30 on operating days; confirm directly"", ""Typical_Duration_Min"": 60, ""Price_Range"": ""€58 pp (1h trail)"", ""Booking_Required"": ""Yes"", ""Indoor_Outdoor_Both"": ""Outdoor"", ""Summer_Suitable"": ""Yes"", ""Winter_Suitable"": ""Yes"", ""Rain_Suitable"": ""No"", ""Heatwave_Suitable"": ""Conditional"", ""Sunset_Suitable"": ""Yes"", ""Romantic_Score_1_10"": 10, ""Authentic_Cyprus_Score_1_10"": 8, ""Couple_Style"": ""Romantic / Countryside / Relaxed"", ""Best_Time_of_Day"": ""Morning / late afternoon"", ""Weather_Sensitivity"": ""Heat / wind / rain; operator may move ride times"", ""Accessibility_or_Access_Notes"": ""Max rider weight 95 kg; trail adapted to ability; collection from Aphrodite Hills may be available."", ""Source_Primary"": ""https://aphroditehillsrc.com/"", ""Source_Secondary"": ""https://www.aphroditehills.com/kids-activities/"", ""Last_Verified"": 46261, ""Data_Status"": ""Verified"", ""Source_Sheet"": ""Horse Riding Audit v33"", ""Source_Record_ID"": ""MASTER:PFO-A152"", ""Notes"": ""Strong couples option in peaceful olive/carob countryside. Official riding-club site lists 1h, 1.5h and 2h trails; recent 2026 couple review confirms active operation."", ""Time_Parse_Confidence"": ""LOW"", ""Time_Parse_Note"": ""Use operator-specific booking time; general business hours are not equivalent to ride departure times."", ""Time_Slot_Usable"": ""No""}"
PFO-A153,Maria's Horse Trekking – Lysos Forest & Countryside Ride,C07,Sport & Active,Horse Riding,Verified,10,10,90,Lysos / Paphos Forest edge,"{""Activity_ID"": ""PFO-A153"", ""Activity_Name"": ""Maria's Horse Trekking – Lysos Forest & Countryside Ride"", ""Category"": ""Sport & Active"", ""Subcategory"": ""Horse Riding"", ""District"": ""Paphos"", ""Area"": ""Lysos / Paphos Forest edge"", ""Full_Address_or_Access_Point"": ""The Stables, Lysos 8800, Paphos"", ""Latitude"": 34.9969, ""Longitude"": 32.5333, ""Website"": ""https://mariashorses.com/"", ""Phone"": ""+357 99 517685"", ""Opening_Days"": ""Daily/seasonal ride schedule published; booking essential"", ""Opening_Hours"": ""Seasonal departure times; autumn/winter mornings; summer includes late-afternoon rides"", ""Typical_Duration_Min"": 90, ""Price_Range"": ""€€"", ""Booking_Required"": ""Yes"", ""Indoor_Outdoor_Both"": ""Outdoor"", ""Summer_Suitable"": ""Yes"", ""Winter_Suitable"": ""Yes"", ""Rain_Suitable"": ""No"", ""Heatwave_Suitable"": ""Conditional"", ""Sunset_Suitable"": ""Yes"", ""Romantic_Score_1_10"": 10, ""Authentic_Cyprus_Score_1_10"": 10, ""Couple_Style"": ""Romantic / Forest / Authentic Cyprus"", ""Best_Time_of_Day"": ""Morning / late afternoon"", ""Weather_Sensitivity"": ""Heat / wind / rain; operator may move ride times"", ""Accessibility_or_Access_Notes"": ""Countryside and pine-forest trails; advance booking essential; suitable for different riding levels."", ""Source_Primary"": ""https://mariashorses.com/"", ""Source_Secondary"": ""https://mariashorses.com/summer-school.html"", ""Last_Verified"": 46261, ""Data_Status"": ""Verified"", ""Source_Sheet"": ""Horse Riding Audit v33"", ""Source_Record_ID"": ""MASTER:PFO-A153"", ""Notes"": ""Excellent rural romantic product overlooking sea and Paphos Forest; strong pairing with Lysos/Paradisos Hills. Current operator site includes 2026 seasonal schedules."", ""Time_Parse_Confidence"": ""LOW"", ""Time_Parse_Note"": ""Use operator-specific booking time; general business hours are not equivalent to ride departure times."", ""Time_Slot_Usable"": ""No""}"
PFO-A154,Villa Spartacus Horse Riding – Simou Countryside Trail,C05,Sport & Active,Horse Riding,Verified,9,9,60,Simou / Polis Chrysochous hinterland,"{""Activity_ID"": ""PFO-A154"", ""Activity_Name"": ""Villa Spartacus Horse Riding – Simou Countryside Trail"", ""Category"": ""Sport & Active"", ""Subcategory"": ""Horse Riding"", ""District"": ""Paphos"", ""Area"": ""Simou / Polis Chrysochous hinterland"", ""Full_Address_or_Access_Point"": ""Unnamed Road, Simou 8812, Paphos"", ""Website"": ""https://www.yurtsincyprus.com/horse-riding"", ""Phone"": ""+357 97 695272"", ""Opening_Days"": ""By advance booking"", ""Opening_Hours"": ""Current nearby-stables listing; business listing generally Mon–Sat plus limited Sunday hours"", ""Typical_Duration_Min"": 60, ""Price_Range"": ""€35 pp (1h trail)"", ""Booking_Required"": ""Yes"", ""Indoor_Outdoor_Both"": ""Outdoor"", ""Summer_Suitable"": ""Yes"", ""Winter_Suitable"": ""Yes"", ""Rain_Suitable"": ""No"", ""Heatwave_Suitable"": ""Conditional"", ""Sunset_Suitable"": ""Yes"", ""Romantic_Score_1_10"": 9, ""Authentic_Cyprus_Score_1_10"": 9, ""Couple_Style"": ""Romantic / Rural / Countryside"", ""Best_Time_of_Day"": ""Morning / late afternoon"", ""Weather_Sensitivity"": ""Heat / wind / rain; operator may move ride times"", ""Accessibility_or_Access_Notes"": ""Advance booking essential; helmets provided; cash payment at stables; personalized rides by ability."", ""Source_Primary"": ""https://www.yurtsincyprus.com/horse-riding"", ""Source_Secondary"": ""https://elpidashouse.com/activities.html"", ""Last_Verified"": 46261, ""Data_Status"": ""Verified"", ""Source_Sheet"": ""Horse Riding Audit v33"", ""Source_Record_ID"": ""MASTER:PFO-A154"", ""Notes"": ""Current active Simou-area riding option linked by local accommodation operators; useful for Polis/Simou rural itineraries. Also appears in business listings as Villa Spartacus Horse Riding."", ""Time_Parse_Confidence"": ""LOW"", ""Time_Parse_Note"": ""Use operator-specific booking time; general business hours are not equivalent to ride departure times."", ""Time_Slot_Usable"": ""No""}"
PFO-A155,Yeroskipou Equestrian – Riding Session / Trail Option,C02,Sport & Active,Horse Riding,Needs Recheck,7,6,60,Geroskipou,"{""Activity_ID"": ""PFO-A155"", ""Activity_Name"": ""Yeroskipou Equestrian – Riding Session / Trail Option"", ""Category"": ""Sport & Active"", ""Subcategory"": ""Horse Riding"", ""District"": ""Paphos"", ""Area"": ""Geroskipou"", ""Full_Address_or_Access_Point"": ""PFR3+V95, Ayapinoros, Yeroskipou 8203, Paphos"", ""Latitude"": 34.75614, ""Longitude"": 32.45718, ""Website"": ""https://www.facebook.com/paphosriding"", ""Phone"": ""+357 99 460985"", ""Opening_Days"": ""Mon–Sat; Sunday closed"", ""Opening_Hours"": ""08:00–12:00 and 14:30–17:30"", ""Typical_Duration_Min"": 60, ""Price_Range"": ""€€"", ""Booking_Required"": ""Yes"", ""Indoor_Outdoor_Both"": ""Outdoor"", ""Summer_Suitable"": ""Yes"", ""Winter_Suitable"": ""Yes"", ""Rain_Suitable"": ""No"", ""Heatwave_Suitable"": ""Conditional"", ""Sunset_Suitable"": ""Yes"", ""Romantic_Score_1_10"": 7, ""Authentic_Cyprus_Score_1_10"": 6, ""Couple_Style"": ""Active / Casual"", ""Best_Time_of_Day"": ""Morning / late afternoon"", ""Weather_Sensitivity"": ""Heat / wind / rain; operator may move ride times"", ""Accessibility_or_Access_Notes"": ""Primarily a riding school; confirm whether a tourist trail ride is available on requested date."", ""Source_Primary"": ""https://cyprusatlas.com/company/yeroskipou-equestrian-28502"", ""Source_Secondary"": ""https://www.waze.com/live-map/directions/cy/pafos/geroskhpoy/yeroskipou-equestrian?to=place.ChIJ0adLuxsE5xQRXufyYK3ziPI"", ""Last_Verified"": 46261, ""Data_Status"": ""Needs Recheck"", ""Source_Sheet"": ""Horse Riding Audit v33"", ""Source_Record_ID"": ""MASTER:PFO-A155"", ""Notes"": ""Active current business, but less differentiated romantically than coastal/forest providers. Keep as secondary inventory, not preferred romantic recommendation."", ""Parsed_Open_Time"": 0.3333333333333333, ""Parsed_Close_Time"": 0.7291666666666666, ""Time_Parse_Confidence"": ""LOW"", ""Time_Parse_Note"": ""Use operator-specific booking time; general business hours are not equivalent to ride departure times."", ""Time_Slot_Usable"": ""No""}"
PFO-A156,Paphos Riding School – Amargeti Countryside Riding,C11,Sport & Active,Horse Riding,Needs Recheck,7,9,60,Amargeti,"{""Activity_ID"": ""PFO-A156"", ""Activity_Name"": ""Paphos Riding School – Amargeti Countryside Riding"", ""Category"": ""Sport & Active"", ""Subcategory"": ""Horse Riding"", ""District"": ""Paphos"", ""Area"": ""Amargeti"", ""Full_Address_or_Access_Point"": ""RHM9+5CF, Amargeti 8642, Paphos"", ""Phone"": ""+357 96 190363"", ""Opening_Days"": ""Daily"", ""Opening_Hours"": ""06:00–18:00"", ""Typical_Duration_Min"": 60, ""Price_Range"": ""€€"", ""Booking_Required"": ""Yes"", ""Indoor_Outdoor_Both"": ""Outdoor"", ""Summer_Suitable"": ""Yes"", ""Winter_Suitable"": ""Yes"", ""Rain_Suitable"": ""No"", ""Heatwave_Suitable"": ""Conditional"", ""Sunset_Suitable"": ""Yes"", ""Romantic_Score_1_10"": 7, ""Authentic_Cyprus_Score_1_10"": 9, ""Couple_Style"": ""Active / Rural"", ""Best_Time_of_Day"": ""Morning / late afternoon"", ""Weather_Sensitivity"": ""Heat / wind / rain; operator may move ride times"", ""Accessibility_or_Access_Notes"": ""Current business listing confirms active riding school; exact tourist hack products/prices need direct confirmation."", ""Source_Primary"": ""https://cyprusatlas.com/company/paphos-riding-school-28503"", ""Source_Secondary"": ""https://www.waze.com/live-map/directions/cy/paphos/amargeti/paphos-riding-school?to=place.ChIJ5QHzcr0R5xQRcOBdibEiagU"", ""Last_Verified"": 46261, ""Data_Status"": ""Needs Recheck"", ""Source_Sheet"": ""Horse Riding Audit v33"", ""Source_Record_ID"": ""MASTER:PFO-A156"", ""Notes"": ""Adds Amargeti rural coverage but should not outrank higher-rated romantic trail providers until tourist trail packages are directly verified."", ""Parsed_Open_Time"": 0.25, ""Parsed_Close_Time"": 0.75, ""Time_Parse_Confidence"": ""LOW"", ""Time_Parse_Note"": ""Use operator-specific booking time; general business hours are not equivalent to ride departure times."", ""Time_Slot_Usable"": ""No""}"
PFO-A157,Pissouri Village Square & Traditional Village Walk,C13,Authentic Cyprus,Traditional Village / Square,Verified,10,10,75,Pissouri Village,"{""Activity_ID"": ""PFO-A157"", ""Activity_Name"": ""Pissouri Village Square & Traditional Village Walk"", ""Category"": ""Authentic Cyprus"", ""Subcategory"": ""Traditional Village / Square"", ""District"": ""Limassol – Cross-District Extension"", ""Area"": ""Pissouri Village"", ""Full_Address_or_Access_Point"": ""Pissouri Village Square, Pissouri 4607, Limassol"", ""Website"": ""https://www.visitcyprus.com/places-to-go/villages/pissouri-village-3/"", ""Opening_Days"": ""Public village space – daily"", ""Opening_Hours"": ""Daylight / evening"", ""Typical_Duration_Min"": 75, ""Price_Range"": ""Free"", ""Booking_Required"": ""No"", ""Indoor_Outdoor_Both"": ""Outdoor"", ""Summer_Suitable"": ""Yes"", ""Winter_Suitable"": ""Yes"", ""Rain_Suitable"": ""Conditional"", ""Heatwave_Suitable"": ""Conditional"", ""Sunset_Suitable"": ""Yes"", ""Romantic_Score_1_10"": 10, ""Authentic_Cyprus_Score_1_10"": 10, ""Couple_Style"": ""Relaxed / Authentic Cyprus"", ""Best_Time_of_Day"": ""Late afternoon / early evening"", ""Weather_Sensitivity"": ""Heat at midday"", ""Accessibility_or_Access_Notes"": ""Pedestrianised square; combine with café/taverna but avoid duplicating meal record."", ""Source_Primary"": ""https://www.visitcyprus.com/places-to-go/villages/pissouri-village-3/"", ""Source_Secondary"": ""https://www.pissouri.org.cy/en/municipality/history"", ""Last_Verified"": 46261, ""Data_Status"": ""Verified"", ""Source_Sheet"": ""Pissouri Cross-District v34"", ""Source_Record_ID"": ""MASTER:PFO-A157"", ""Notes"": ""Core cross-district romantic stop. Official sources describe the picturesque pedestrianised square, local taverns, halloumi/Sultanina identity and village-sea views."", ""Time_Parse_Confidence"": ""LOW"", ""Time_Parse_Note"": ""Cross-district record. Live route gate from Paphos hotel/previous stop is mandatory."", ""Time_Slot_Usable"": ""No""}"
PFO-A158,Pissouri Beach – Blue Flag Romantic Beach Stop,C13,Sea & Beach,Blue Flag Beach,Verified,9,5,120,Pissouri Bay,"{""Activity_ID"": ""PFO-A158"", ""Activity_Name"": ""Pissouri Beach – Blue Flag Romantic Beach Stop"", ""Category"": ""Sea & Beach"", ""Subcategory"": ""Blue Flag Beach"", ""District"": ""Limassol – Cross-District Extension"", ""Area"": ""Pissouri Bay"", ""Full_Address_or_Access_Point"": ""Pissouri Beach, Pissouri Bay, Limassol"", ""Latitude"": 34.64974, ""Longitude"": 32.72205, ""Website"": ""https://www.visitcyprus.com/discover-cyprus/sun-sea/beaches/pissouri-beach-blue-flag/"", ""Opening_Days"": ""Public access daily"", ""Opening_Hours"": ""Lifeguards Apr–Oct; beach access year-round"", ""Typical_Duration_Min"": 120, ""Price_Range"": ""Free; amenities extra"", ""Booking_Required"": ""No"", ""Indoor_Outdoor_Both"": ""Outdoor"", ""Summer_Suitable"": ""Yes"", ""Winter_Suitable"": ""Conditional"", ""Rain_Suitable"": ""No"", ""Heatwave_Suitable"": ""Yes"", ""Sunset_Suitable"": ""Yes"", ""Romantic_Score_1_10"": 9, ""Authentic_Cyprus_Score_1_10"": 5, ""Couple_Style"": ""Relaxed / Sea"", ""Best_Time_of_Day"": ""Morning / late afternoon"", ""Weather_Sensitivity"": ""Sea state / wind / summer heat"", ""Accessibility_or_Access_Notes"": ""Five public footpaths; two disabled-access paths; parking available."", ""Source_Primary"": ""https://www.visitcyprus.com/discover-cyprus/sun-sea/beaches/pissouri-beach-blue-flag/"", ""Source_Secondary"": ""https://www.visitcyprus.com/places-to-go/villages/pissouri-village-3/"", ""Last_Verified"": 46261, ""Data_Status"": ""Verified"", ""Source_Sheet"": ""Pissouri Cross-District v34"", ""Source_Record_ID"": ""MASTER:PFO-A158"", ""Notes"": ""Official Visit Cyprus Blue Flag beach. Facilities include showers, sunbeds, umbrellas, watersports and volleyball; services/lifeguards are seasonal."", ""Time_Parse_Confidence"": ""LOW"", ""Time_Parse_Note"": ""Cross-district record. Live route gate from Paphos hotel/previous stop is mandatory."", ""Time_Slot_Usable"": ""No""}"
PFO-A159,Cape Aspro / Asprorotsos Scenic View & Coastal Walk,C13,Nature & Views,Cliffs / Coastal Viewpoint,Verified,10,7,60,Pissouri Bay / Cape Aspro,"{""Activity_ID"": ""PFO-A159"", ""Activity_Name"": ""Cape Aspro / Asprorotsos Scenic View & Coastal Walk"", ""Category"": ""Nature & Views"", ""Subcategory"": ""Cliffs / Coastal Viewpoint"", ""District"": ""Limassol – Cross-District Extension"", ""Area"": ""Pissouri Bay / Cape Aspro"", ""Full_Address_or_Access_Point"": ""Cape Aspro / west end of Pissouri Bay, Limassol"", ""Website"": ""https://www.visitcyprus.com/discover-cyprus/sun-sea/beaches/pissouri-beach-blue-flag/"", ""Opening_Days"": ""Daily / daylight"", ""Opening_Hours"": ""Daylight; weather dependent"", ""Typical_Duration_Min"": 60, ""Price_Range"": ""Free"", ""Booking_Required"": ""No"", ""Indoor_Outdoor_Both"": ""Outdoor"", ""Summer_Suitable"": ""Yes"", ""Winter_Suitable"": ""Yes"", ""Rain_Suitable"": ""No"", ""Heatwave_Suitable"": ""No"", ""Sunset_Suitable"": ""Yes"", ""Romantic_Score_1_10"": 10, ""Authentic_Cyprus_Score_1_10"": 7, ""Couple_Style"": ""Scenic / Romantic"", ""Best_Time_of_Day"": ""Late afternoon / sunset"", ""Weather_Sensitivity"": ""Cliff exposure / wind / heat"", ""Accessibility_or_Access_Notes"": ""Use established public paths; do not approach cliff edges. Small sandy coves near Asprorotsos are reached from west end."", ""Source_Primary"": ""https://www.visitcyprus.com/discover-cyprus/sun-sea/beaches/pissouri-beach-blue-flag/"", ""Source_Secondary"": ""https://www.pissouri.org.cy/en/municipality/history"", ""Last_Verified"": 46261, ""Data_Status"": ""Verified"", ""Source_Sheet"": ""Pissouri Cross-District v34"", ""Source_Record_ID"": ""MASTER:PFO-A159"", ""Notes"": ""High-value romantic viewpoint. Visit Cyprus explicitly notes spectacular views from Asprorotsos and the white cliffs of Cape Aspro."", ""Time_Parse_Confidence"": ""LOW"", ""Time_Parse_Note"": ""Cross-district record. Live route gate from Paphos hotel/previous stop is mandatory."", ""Time_Slot_Usable"": ""No""}"
PFO-A160,Pissouri Pink Route – Easy Romantic Walk,C13,Nature & Adventure,Easy Hiking / Village-to-Bay,Verified,10,8,45,Pissouri,"{""Activity_ID"": ""PFO-A160"", ""Activity_Name"": ""Pissouri Pink Route – Easy Romantic Walk"", ""Category"": ""Nature & Adventure"", ""Subcategory"": ""Easy Hiking / Village-to-Bay"", ""District"": ""Limassol – Cross-District Extension"", ""Area"": ""Pissouri"", ""Full_Address_or_Access_Point"": ""Pissouri Square → Pissouri Tourist Area / Columbia Hotel"", ""Website"": ""https://www.pissouri.org.cy/en/visitors/10"", ""Opening_Days"": ""Daily / daylight"", ""Opening_Hours"": ""Daylight; weather dependent"", ""Typical_Duration_Min"": 45, ""Price_Range"": ""Free"", ""Booking_Required"": ""No"", ""Indoor_Outdoor_Both"": ""Outdoor"", ""Summer_Suitable"": ""Yes"", ""Winter_Suitable"": ""Yes"", ""Rain_Suitable"": ""No"", ""Heatwave_Suitable"": ""Conditional"", ""Sunset_Suitable"": ""Yes"", ""Romantic_Score_1_10"": 10, ""Authentic_Cyprus_Score_1_10"": 8, ""Couple_Style"": ""Relaxed Active / Romantic"", ""Best_Time_of_Day"": ""Morning / late afternoon"", ""Weather_Sensitivity"": ""Heat / wind"", ""Accessibility_or_Access_Notes"": ""3.8 km linear; difficulty Easy. Return transport or reverse walk must be planned."", ""Source_Primary"": ""https://www.pissouri.org.cy/en/visitors/10"", ""Last_Verified"": 46261, ""Data_Status"": ""Verified"", ""Source_Sheet"": ""Pissouri Cross-District v34"", ""Source_Record_ID"": ""MASTER:PFO-A160"", ""Notes"": ""Best Pissouri trail for relaxed couples and potentially first-day use when routing permits."", ""Time_Parse_Confidence"": ""LOW"", ""Time_Parse_Note"": ""Cross-district record. Live route gate from Paphos hotel/previous stop is mandatory."", ""Time_Slot_Usable"": ""No""}"
PFO-A161,Pissouri Brown Route – Easy Village-to-Bay Walk,C13,Nature & Adventure,Easy Hiking / Cycling,Verified,9,8,60,Pissouri,"{""Activity_ID"": ""PFO-A161"", ""Activity_Name"": ""Pissouri Brown Route – Easy Village-to-Bay Walk"", ""Category"": ""Nature & Adventure"", ""Subcategory"": ""Easy Hiking / Cycling"", ""District"": ""Limassol – Cross-District Extension"", ""Area"": ""Pissouri"", ""Full_Address_or_Access_Point"": ""Pissouri Square → Pissouri Tourist Area / Columbia Hotel"", ""Website"": ""https://www.pissouri.org.cy/en/visitors/10"", ""Opening_Days"": ""Daily / daylight"", ""Opening_Hours"": ""Daylight; weather dependent"", ""Typical_Duration_Min"": 60, ""Price_Range"": ""Free"", ""Booking_Required"": ""No"", ""Indoor_Outdoor_Both"": ""Outdoor"", ""Summer_Suitable"": ""Yes"", ""Winter_Suitable"": ""Yes"", ""Rain_Suitable"": ""No"", ""Heatwave_Suitable"": ""Conditional"", ""Sunset_Suitable"": ""Yes"", ""Romantic_Score_1_10"": 9, ""Authentic_Cyprus_Score_1_10"": 8, ""Couple_Style"": ""Active / Scenic"", ""Best_Time_of_Day"": ""Morning / late afternoon"", ""Weather_Sensitivity"": ""Heat / wind"", ""Accessibility_or_Access_Notes"": ""6.7 km linear; hike Easy; bike Medium. Return logistics required."", ""Source_Primary"": ""https://www.pissouri.org.cy/en/visitors/10"", ""Last_Verified"": 46261, ""Data_Status"": ""Verified"", ""Source_Sheet"": ""Pissouri Cross-District v34"", ""Source_Record_ID"": ""MASTER:PFO-A161"", ""Notes"": ""Official community trail; good alternative to Pink for guests wanting a longer walk."", ""Time_Parse_Confidence"": ""LOW"", ""Time_Parse_Note"": ""Cross-district record. Live route gate from Paphos hotel/previous stop is mandatory."", ""Time_Slot_Usable"": ""No""}"
PFO-A162,Pissouri Blue Route – Cape Aspro Trail,C13,Nature & Adventure,Hiking / Cape Aspro,Verified,10,8,75,Pissouri / Cape Aspro,"{""Activity_ID"": ""PFO-A162"", ""Activity_Name"": ""Pissouri Blue Route – Cape Aspro Trail"", ""Category"": ""Nature & Adventure"", ""Subcategory"": ""Hiking / Cape Aspro"", ""District"": ""Limassol – Cross-District Extension"", ""Area"": ""Pissouri / Cape Aspro"", ""Full_Address_or_Access_Point"": ""Pissouri Square → Pissouri Tourist Area / Columbia Hotel"", ""Website"": ""https://www.pissouri.org.cy/en/visitors/10"", ""Opening_Days"": ""Daily / daylight"", ""Opening_Hours"": ""Daylight; weather dependent"", ""Typical_Duration_Min"": 75, ""Price_Range"": ""Free"", ""Booking_Required"": ""No"", ""Indoor_Outdoor_Both"": ""Outdoor"", ""Summer_Suitable"": ""Conditional"", ""Winter_Suitable"": ""Yes"", ""Rain_Suitable"": ""No"", ""Heatwave_Suitable"": ""No"", ""Sunset_Suitable"": ""Yes"", ""Romantic_Score_1_10"": 10, ""Authentic_Cyprus_Score_1_10"": 8, ""Couple_Style"": ""Active / Scenic"", ""Best_Time_of_Day"": ""Morning / cool late afternoon"", ""Weather_Sensitivity"": ""Heat / cliff terrain / wind"", ""Accessibility_or_Access_Notes"": ""7.4 km linear; official difficulty High. Not for relaxed arrival day."", ""Source_Primary"": ""https://www.pissouri.org.cy/en/visitors/10"", ""Last_Verified"": 46261, ""Data_Status"": ""Verified"", ""Source_Sheet"": ""Pissouri Cross-District v34"", ""Source_Record_ID"": ""MASTER:PFO-A162"", ""Notes"": ""Official Cape Aspro trail with strong scenery; generator must respect fitness and weather."", ""Time_Parse_Confidence"": ""LOW"", ""Time_Parse_Note"": ""Cross-district record. Live route gate from Paphos hotel/previous stop is mandatory."", ""Time_Slot_Usable"": ""No""}"
PFO-A163,Pissouri Green Route – Melanda,C13,Nature & Adventure,Hiking / Cycling,Verified,9,8,115,Pissouri / Melanda,"{""Activity_ID"": ""PFO-A163"", ""Activity_Name"": ""Pissouri Green Route – Melanda"", ""Category"": ""Nature & Adventure"", ""Subcategory"": ""Hiking / Cycling"", ""District"": ""Limassol – Cross-District Extension"", ""Area"": ""Pissouri / Melanda"", ""Full_Address_or_Access_Point"": ""Pissouri Square → Melanda Beach"", ""Website"": ""https://www.pissouri.org.cy/en/visitors/10"", ""Opening_Days"": ""Daily / daylight"", ""Opening_Hours"": ""Daylight; weather dependent"", ""Typical_Duration_Min"": 115, ""Price_Range"": ""Free"", ""Booking_Required"": ""No"", ""Indoor_Outdoor_Both"": ""Outdoor"", ""Summer_Suitable"": ""Conditional"", ""Winter_Suitable"": ""Yes"", ""Rain_Suitable"": ""No"", ""Heatwave_Suitable"": ""No"", ""Sunset_Suitable"": ""Yes"", ""Romantic_Score_1_10"": 9, ""Authentic_Cyprus_Score_1_10"": 8, ""Couple_Style"": ""Active / Scenic"", ""Best_Time_of_Day"": ""Morning"", ""Weather_Sensitivity"": ""Heat / exposed route"", ""Accessibility_or_Access_Notes"": ""12.2 km linear; hiking Medium; cycling Medium; return logistics required."", ""Source_Primary"": ""https://www.pissouri.org.cy/en/visitors/10"", ""Source_Secondary"": ""https://www.pissouri.org.cy/en/visitors/10/touristguide_item/71-%CF%80%CF%81%CE%AC%CF%83%CE%B9%CE%BD%CE%B7-%CE%B4%CE%B9%CE%B1%CE%B4%CF%81%CE%BF%CE%BC%CE%AE-%CE%BC%CE%B5%CE%BB%CE%B1%CE%BD%CF%84%CE%B1"", ""Last_Verified"": 46261, ""Data_Status"": ""Verified"", ""Source_Sheet"": ""Pissouri Cross-District v34"", ""Source_Record_ID"": ""MASTER:PFO-A163"", ""Notes"": ""Good full outing rather than first-day filler."", ""Time_Parse_Confidence"": ""LOW"", ""Time_Parse_Note"": ""Cross-district record. Live route gate from Paphos hotel/previous stop is mandatory."", ""Time_Slot_Usable"": ""No""}"
PFO-A164,Pissouri Amphitheatre – Summer Cultural Event,C13,Culture & Heritage,Outdoor Amphitheatre / Seasonal Event,Verified,9,9,120,Pissouri Village,"{""Activity_ID"": ""PFO-A164"", ""Activity_Name"": ""Pissouri Amphitheatre – Summer Cultural Event"", ""Category"": ""Culture & Heritage"", ""Subcategory"": ""Outdoor Amphitheatre / Seasonal Event"", ""District"": ""Limassol – Cross-District Extension"", ""Area"": ""Pissouri Village"", ""Full_Address_or_Access_Point"": ""Pissouri Amphitheatre, Pissouri Village, Limassol"", ""Website"": ""https://www.pissouri.org.cy/en/visitors/7-%CE%B8%CE%AD%CE%B1%CF%84%CF%81%CE%B1/touristguide_item/37-%CE%B1%CE%BC%CF%86%CE%B9%CE%B8%CE%AD%CE%B1%CF%84%CF%81%CE%BF-%CF%80%CE%B9%CF%83%CF%83%CE%BF%CF%85%CF%81%CE%AF%CE%BF%CF%85"", ""Opening_Days"": ""Event-specific"", ""Opening_Hours"": ""Summer event schedule only"", ""Typical_Duration_Min"": 120, ""Price_Range"": ""Event-specific"", ""Booking_Required"": ""Yes"", ""Indoor_Outdoor_Both"": ""Outdoor"", ""Summer_Suitable"": ""Yes"", ""Winter_Suitable"": ""No"", ""Rain_Suitable"": ""No"", ""Heatwave_Suitable"": ""Conditional"", ""Sunset_Suitable"": ""Yes"", ""Romantic_Score_1_10"": 9, ""Authentic_Cyprus_Score_1_10"": 9, ""Couple_Style"": ""Culture / Romantic Evening"", ""Best_Time_of_Day"": ""Evening"", ""Weather_Sensitivity"": ""Event date / weather"", ""Accessibility_or_Access_Notes"": ""800 seats; short walk from village bars/taverns; only select when a current event is verified."", ""Source_Primary"": ""https://www.pissouri.org.cy/en/visitors/7-%CE%B8%CE%AD%CE%B1%CF%84%CF%81%CE%B1/touristguide_item/37-%CE%B1%CE%BC%CF%86%CE%B9%CE%B8%CE%AD%CE%B1%CF%84%CF%81%CE%BF-%CF%80%CE%B9%CF%83%CF%83%CE%BF%CF%85%CF%81%CE%AF%CE%BF%CF%85"", ""Source_Secondary"": ""https://www.pissouri.org.cy/en/information/events"", ""Last_Verified"": 46261, ""Data_Status"": ""Verified"", ""Source_Sheet"": ""Pissouri Cross-District v34"", ""Source_Record_ID"": ""MASTER:PFO-A164"", ""Notes"": ""Seasonal/event inventory only. Official community describes sea/Akrotiri views and annual summer events."", ""Time_Parse_Confidence"": ""LOW"", ""Time_Parse_Note"": ""Cross-district record. Live route gate from Paphos hotel/previous stop is mandatory."", ""Time_Slot_Usable"": ""No""}"
PFO-A165,Xenios Water Sports – Pissouri Bay,C13,Sea & Adventure,Watersports / Kayak / SUP / Jet Ski / Boat Trip,Verified,8,5,60,Pissouri Bay,"{""Activity_ID"": ""PFO-A165"", ""Activity_Name"": ""Xenios Water Sports – Pissouri Bay"", ""Category"": ""Sea & Adventure"", ""Subcategory"": ""Watersports / Kayak / SUP / Jet Ski / Boat Trip"", ""District"": ""Limassol – Cross-District Extension"", ""Area"": ""Pissouri Bay"", ""Full_Address_or_Access_Point"": ""JPXF+X76 Pissouri Beach, Pissouri 4607, Limassol"", ""Website"": ""http://xenios-water-sports.weebly.com"", ""Phone"": ""+357 99 956913"", ""Opening_Days"": ""Daily in current season"", ""Opening_Hours"": ""Approx. 08:00–19:00; seasonal operation"", ""Typical_Duration_Min"": 60, ""Price_Range"": ""€–€€€"", ""Booking_Required"": ""Yes"", ""Indoor_Outdoor_Both"": ""Outdoor"", ""Summer_Suitable"": ""Yes"", ""Winter_Suitable"": ""No"", ""Rain_Suitable"": ""No"", ""Heatwave_Suitable"": ""Conditional"", ""Sunset_Suitable"": ""No"", ""Romantic_Score_1_10"": 8, ""Authentic_Cyprus_Score_1_10"": 5, ""Couple_Style"": ""Sea / Active"", ""Best_Time_of_Day"": ""Morning / afternoon"", ""Weather_Sensitivity"": ""Sea state / wind"", ""Accessibility_or_Access_Notes"": ""Current business 4.9/5; official community business list confirms provider. Choose lower-intensity kayak/SUP for romantic programme; high-adrenaline products only if requested."", ""Source_Primary"": ""https://www.pissouri.org.cy/images/easycms/pages/documents/26/%CE%A0%CE%99%CE%9D%CE%91%CE%9A%CE%91%CE%A3%20%CE%95%CE%A0%CE%99%CE%A7%CE%95%CE%99%CE%A1%CE%97%CE%A3%CE%95%CE%A9%CE%9D%20%CE%9A%CE%9F%CE%99%CE%9D%CE%9F%CE%A4%CE%97%CE%A4%CE%91%CE%A3%20%CE%A0%CE%99%CE%A3%CE%A3%CE%9F%CE%A5%CE%A1%CE%99%CE%9F%CE%A5.pdf"", ""Source_Secondary"": ""https://pissouri.com/things-to-do/sports/"", ""Last_Verified"": 46261, ""Data_Status"": ""Verified"", ""Source_Sheet"": ""Pissouri Cross-District v34"", ""Source_Record_ID"": ""MASTER:PFO-A165"", ""Notes"": ""Long-running Pissouri Bay operator since 1980. Current inventory includes jet ski, banana, kayak, wakeboard, pedal boat, SUP/flyboard and boat trips."", ""Parsed_Open_Time"": 0.3333333333333333, ""Parsed_Close_Time"": 0.7916666666666666, ""Time_Parse_Confidence"": ""MEDIUM"", ""Time_Parse_Note"": ""Cross-district record. Live route gate from Paphos hotel/previous stop is mandatory."", ""Time_Slot_Usable"": ""Yes""}"
PFO-A166,Pissouri Amaxotos Cycling Route,C13,Sport & Active,Cycling / Scenic Route,Needs Recheck,8,8,90,Pissouri,"{""Activity_ID"": ""PFO-A166"", ""Activity_Name"": ""Pissouri Amaxotos Cycling Route"", ""Category"": ""Sport & Active"", ""Subcategory"": ""Cycling / Scenic Route"", ""District"": ""Limassol – Cross-District Extension"", ""Area"": ""Pissouri"", ""Full_Address_or_Access_Point"": ""Old Limassol–Paphos road / Pissouri countryside"", ""Website"": ""https://www.pissouri.org.cy/en/visitors/10"", ""Opening_Days"": ""Daily / suitable weather"", ""Opening_Hours"": ""Daylight"", ""Typical_Duration_Min"": 90, ""Price_Range"": ""Free / bike rental extra"", ""Booking_Required"": ""No"", ""Indoor_Outdoor_Both"": ""Outdoor"", ""Summer_Suitable"": ""Conditional"", ""Winter_Suitable"": ""Yes"", ""Rain_Suitable"": ""No"", ""Heatwave_Suitable"": ""No"", ""Sunset_Suitable"": ""Yes"", ""Romantic_Score_1_10"": 8, ""Authentic_Cyprus_Score_1_10"": 8, ""Couple_Style"": ""Cycling / Scenic"", ""Best_Time_of_Day"": ""Morning"", ""Weather_Sensitivity"": ""Heat / road conditions"", ""Accessibility_or_Access_Notes"": ""Official community route; exact distance/duration should be confirmed from route map before auto-generation."", ""Source_Primary"": ""https://www.pissouri.org.cy/en/visitors/10"", ""Last_Verified"": 46261, ""Data_Status"": ""Needs Recheck"", ""Source_Sheet"": ""Pissouri Cross-District v34"", ""Source_Record_ID"": ""MASTER:PFO-A166"", ""Notes"": ""Cross-district cycling option. Keep Needs Recheck until route metrics are captured in a dedicated cycling audit."", ""Time_Parse_Confidence"": ""LOW"", ""Time_Parse_Note"": ""Cross-district record. Live route gate from Paphos hotel/previous stop is mandatory."", ""Time_Slot_Usable"": ""No""}"
